"genres","danceability","energy","liveness","tempo"
"432hz",0.3,0.45,0.13,0.48
"[]",0.52,0.4,0.22,0.43
"a cappella",0.58,0.35,0.13,0.43
"abstract",0.46,0.49,0.12,0.5
"abstract beats",0.69,0.61,0.1,0.47
"abstract hip hop",0.72,0.65,0.17,0.43
"accordeon",0.63,0.31,0.25,0.45
"accordion",0.64,0.36,0.19,0.43
"acid house",0.68,0.72,0.23,0.5
"acid jazz",0.71,0.69,0.11,0.43
"acid rock",0.45,0.59,0.24,0.51
"acid trance",0.56,0.92,0.15,0.56
"acousmatic",0.41,0.25,0.26,0.39
"acoustic blues",0.6,0.36,0.19,0.44
"acoustic pop",0.53,0.48,0.15,0.46
"acoustic punk",0.53,0.61,0.18,0.48
"adoracion",0.5,0.52,0.31,0.55
"adult standards",0.5,0.39,0.19,0.44
"adventista",0.53,0.33,0.14,0.44
"afghan pop",0.7,0.67,0.1,0.44
"african gospel",0.6,0.6,0.08,0.53
"african percussion",0.59,0.76,0.13,0.55
"african reggae",0.75,0.66,0.11,0.47
"african rock",0.67,0.57,0.15,0.47
"afro dancehall",0.61,0.76,0.22,0.56
"afro house",0.67,0.6,0.11,0.55
"afro psych",0.44,0.76,0.15,0.58
"afro-cuban traditional",0.66,0.76,0.08,0.57
"afro-funk",0.81,0.73,0.1,0.45
"afrobeat",0.63,0.62,0.17,0.47
"afrobeat brasileiro",0.62,0.76,0.12,0.29
"afrofuturism",0.63,0.59,0.19,0.44
"afrofuturismo brasileiro",0.48,0.81,0.11,0.62
"afropop",0.61,0.53,0.16,0.45
"afroswing",0.7,0.56,0.21,0.24
"aggrotech",0.49,0.95,0.32,0.48
"alabama indie",0.52,0.67,0.13,0.44
"alabama metal",0.44,0.88,0.15,0.42
"alabama rap",0.7,0.6,0.17,0.45
"albanian pop",0.69,0.78,0.16,0.51
"alberta country",0.6,0.75,0.22,0.42
"alberta hip hop",0.91,0.6,0.26,0.36
"album rock",0.51,0.66,0.22,0.5
"albuquerque indie",0.59,0.59,0.21,0.52
"alt-idol",0.62,0.98,0.11,0.42
"alternative americana",0.5,0.53,0.19,0.5
"alternative country",0.53,0.53,0.17,0.47
"alternative dance",0.61,0.73,0.19,0.51
"alternative emo",0.47,0.75,0.19,0.54
"alternative hip hop",0.7,0.68,0.23,0.4
"alternative metal",0.46,0.83,0.21,0.51
"alternative pop",0.48,0.74,0.18,0.52
"alternative pop rock",0.6,0.71,0.19,0.48
"alternative r&b",0.66,0.54,0.17,0.44
"alternative rock",0.48,0.71,0.19,0.51
"alternative roots rock",0.51,0.58,0.15,0.46
"ambeat",0.72,0.64,0.14,0.35
"ambient",0.34,0.29,0.13,0.4
"ambient black metal",0.26,0.77,0.33,0.43
"ambient folk",0.53,0.38,0.17,0.46
"ambient house",0.63,0.84,0.35,0.44
"ambient idm",0.35,0.58,0.12,0.65
"ambient pop",0.32,0.25,0.11,0.34
"ambient techno",0.71,0.55,0.08,0.51
"ambient worship",0.3,0.3,0.13,0.37
"american choir",0.29,0.27,0.17,0.43
"american contemporary classical",0.35,0.13,0.15,0.34
"american folk revival",0.55,0.26,0.16,0.44
"american metalcore",0.39,0.97,0.21,0.71
"american modern classical",0.39,0.25,0.22,0.47
"american post-rock",0.46,0.47,0.15,0.43
"american primitive",0.38,0.43,0.14,0.43
"american romanticism",0.31,0.17,0.15,0.41
"american shoegaze",0.33,0.73,0.19,0.44
"anadolu rock",0.47,0.44,0.16,0.35
"anarcho-punk",0.32,0.87,0.27,0.73
"andean",0.6,0.46,0.13,0.49
"anglican liturgy",0.23,0.18,0.21,0.29
"animal singing",0.8,0.64,0.19,0.45
"anime",0.5,0.79,0.17,0.58
"anime latino",0.48,0.89,0.29,0.61
"anime rock",0.51,0.86,0.24,0.52
"anime score",0.47,0.7,0.19,0.5
"ann arbor indie",0.55,0.46,0.13,0.32
"anthem emo",0.48,0.77,0.21,0.54
"anthem worship",0.48,0.61,0.22,0.48
"anti-folk",0.5,0.55,0.19,0.47
"antilliaanse folklore",0.58,0.66,0.09,0.63
"antiviral pop",0.64,0.72,0.21,0.54
"appalachian folk",0.54,0.33,0.18,0.49
"arab folk",0.42,0.27,0.28,0.39
"arab groove",0.29,0.23,0.24,0.69
"arab pop",0.56,0.52,0.18,0.51
"arab trap",0.75,0.9,0.17,0.35
"arabesk",0.35,0.67,0.1,0.76
"arabic hip hop",0.37,0.43,0.32,0.43
"arabic jazz",0.39,0.17,0.18,0.52
"argentine ambient",0.49,0.37,0.12,0.55
"argentine hardcore",0.69,0.65,0.37,0.42
"argentine heavy metal",0.58,0.79,0.16,0.62
"argentine hip hop",0.78,0.64,0.12,0.59
"argentine indie",0.48,0.25,0.17,0.41
"argentine metal",0.62,0.82,0.1,0.83
"argentine punk",0.64,0.58,0.29,0.52
"argentine reggae",0.76,0.55,0.1,0.49
"argentine rock",0.59,0.61,0.19,0.46
"arkansas country",0.58,0.5,0.21,0.46
"arkansas indie",0.43,0.5,0.17,0.36
"armenian folk",0.14,0.13,0.12,0.28
"art pop",0.55,0.57,0.17,0.48
"art punk",0.56,0.71,0.2,0.53
"art rock",0.49,0.57,0.2,0.48
"asbury park indie",0.56,0.81,0.09,0.3
"asian american hip hop",0.75,0.67,0.19,0.41
"asmr",0.19,0.31,0.22,0.25
"athens indie",0.52,0.61,0.17,0.48
"atl hip hop",0.73,0.66,0.2,0.5
"atl trap",0.72,0.67,0.2,0.5
"atlanta indie",0.58,0.72,0.27,0.44
"atmosphere",0.29,0.16,0.13,0.34
"atmospheric black metal",0.26,0.77,0.33,0.43
"atmospheric dnb",0.68,0.79,0.07,0.47
"atmospheric post-metal",0.29,0.72,0.71,0.42
"atmospheric post-rock",0.87,0.89,0.19,0.56
"atmospheric sludge",0.29,0.72,0.71,0.42
"auckland indie",0.54,0.71,0.31,0.5
"audiophile vocal",0.51,0.26,0.13,0.27
"aussietronica",0.66,0.69,0.14,0.47
"austin americana",0.57,0.62,0.23,0.44
"austin hip hop",0.9,0.47,0.05,0.59
"austin singer-songwriter",0.54,0.64,0.31,0.53
"austindie",0.62,0.59,0.15,0.42
"australian alternative pop",0.55,0.31,0.16,0.49
"australian alternative rock",0.56,0.7,0.19,0.48
"australian children's music",0.76,0.36,0.17,0.5
"australian choir",0.29,0.02,0.08,0.57
"australian country",0.59,0.5,0.12,0.41
"australian dance",0.61,0.74,0.21,0.53
"australian electropop",0.56,0.65,0.15,0.57
"australian garage punk",0.42,0.78,0.17,0.52
"australian hip hop",0.65,0.73,0.19,0.52
"australian house",0.63,0.81,0.23,0.5
"australian indie",0.59,0.69,0.16,0.48
"australian indie folk",0.53,0.55,0.16,0.47
"australian indie rock",0.53,0.64,0.1,0.77
"australian indigenous",0.53,0.73,0.16,0.61
"australian metal",0.39,0.97,0.24,0.59
"australian metalcore",0.47,0.87,0.17,0.53
"australian pop",0.59,0.64,0.16,0.46
"australian post-hardcore",0.59,0.57,0.09,0.55
"australian post-punk",0.43,0.57,0.23,0.44
"australian psych",0.47,0.71,0.17,0.51
"australian r&b",0.65,0.44,0.1,0.39
"australian reggae fusion",0.61,0.62,0.23,0.42
"australian rock",0.54,0.71,0.19,0.48
"australian singer-songwriter",0.65,0.55,0.23,0.5
"australian ska",0.31,0.99,0.16,0.64
"australian talent show",0.42,0.71,0.71,0.93
"australian trap",0.73,0.63,0.38,0.64
"australian underground hip hop",0.56,0.8,0.5,0.26
"austrian choir",0.25,0.27,0.22,0.37
"austrian pop",0.52,0.55,0.1,0.48
"austro-german modernism",0.35,0.25,0.26,0.38
"autoharp",0.59,0.15,0.34,0.46
"autonomous black metal",0.26,0.81,0.3,0.46
"avant-garde",0.31,0.18,0.17,0.36
"avant-garde jazz",0.45,0.34,0.17,0.41
"avant-garde metal",0.46,0.98,0.69,0.69
"axe",0.61,0.65,0.21,0.48
"azeri traditional",0.51,0.27,0.24,0.34
"azonto",0.7,0.72,0.21,0.42
"azontobeats",0.46,0.69,0.1,0.56
"bachata",0.81,0.61,0.15,0.51
"background music",0.26,0.11,0.12,0.31
"bahamian folk",0.64,0.66,0.23,0.44
"bahamian pop",0.82,0.88,0.17,0.5
"baiao",0.55,0.32,0.16,0.38
"baile pop",0.63,0.53,0.19,0.52
"bakersfield sound",0.63,0.46,0.18,0.45
"balearic",0.68,0.8,0.26,0.51
"balkan brass",0.57,0.82,0.1,0.34
"ballet class",0.29,0.06,0.2,0.35
"ballroom",0.42,0.37,0.16,0.45
"baltic classical",0.24,0.02,0.1,0.23
"baltimore hip hop",0.8,0.57,0.21,0.43
"baltimore indie",0.46,0.71,0.23,0.57
"banda",0.68,0.61,0.16,0.54
"banda caliente",0.66,0.56,0.13,0.6
"banda carnavalera",0.66,0.55,0.17,0.53
"bandinhas",0.64,0.42,0.16,0.28
"bandoneon",0.46,0.35,0.32,0.5
"bangla",0.47,0.29,0.21,0.36
"banjo",0.54,0.49,0.26,0.52
"bansuri",0.31,0.1,0.12,0.39
"barbadian pop",0.72,0.72,0.12,0.43
"barbershop",0.51,0.2,0.31,0.49
"bard",0.5,0.33,0.12,0.52
"barnmusik",0.55,0.22,0.55,0.28
"baroque",0.4,0.19,0.15,0.34
"baroque ensemble",0.33,0.21,0.13,0.4
"baroque pop",0.52,0.59,0.2,0.48
"baroque singing",0.19,0.1,0.11,0.4
"baroque violin",0.39,0.23,0.19,0.38
"bass house",0.76,0.71,0.15,0.49
"bass music",0.6,0.6,0.14,0.55
"bass trap",0.61,0.76,0.21,0.5
"basshall",0.77,0.75,0.25,0.41
"bassline",0.62,0.74,0.14,0.55
"bath indie",0.61,0.71,0.16,0.52
"baton rouge indie",0.68,0.66,0.29,0.46
"baton rouge rap",0.76,0.67,0.16,0.5
"battle rap",0.7,0.75,0.28,0.38
"bay area hip hop",0.82,0.75,0.1,0.35
"bay area indie",0.49,0.64,0.17,0.45
"bboy",0.73,0.66,0.17,0.48
"bc underground hip hop",0.76,0.6,0.2,0.52
"beach music",0.66,0.52,0.16,0.43
"beat italiano",0.48,0.65,0.18,0.4
"beat poetry",0.64,0.14,0.17,0.38
"beatboxing",0.75,0.75,0.54,0.32
"beatlesque",0.49,0.65,0.25,0.51
"bebop",0.51,0.32,0.19,0.43
"bedroom pop",0.62,0.46,0.16,0.4
"bedroom soul",0.66,0.46,0.16,0.42
"belarusian indie",0.6,0.85,0.26,0.67
"belarusian pop",0.33,0.91,0.35,0.8
"belarusian rock",0.33,0.91,0.35,0.8
"belgian contemporary classical",0.56,0.48,0.09,0.48
"belgian dance",0.73,0.84,0.28,0.46
"belgian edm",0.73,0.78,0.22,0.5
"belgian indie",0.62,0.66,0.1,0.56
"belgian indie rock",0.6,0.95,0.09,0.44
"belgian jazz",0.47,0.19,0.2,0.31
"belgian new wave",0.57,0.8,0.32,0.53
"belgian pop",0.48,0.53,0.15,0.37
"belgian rock",0.51,0.47,0.16,0.45
"belgian singer-songwriter",0.46,0.45,0.33,0.4
"belly dance",0.61,0.59,0.21,0.53
"bengali folk",0.46,0.29,0.26,0.47
"beninese pop",0.58,0.71,0.36,0.29
"bergen indie",0.65,0.6,0.13,0.51
"berlin school",0.41,0.38,0.15,0.53
"bhangra",0.73,0.79,0.15,0.47
"big band",0.54,0.32,0.22,0.45
"big beat",0.61,0.72,0.23,0.48
"big room",0.62,0.8,0.21,0.52
"binaural",0.22,0.14,0.13,0.26
"birmingham grime",0.76,0.67,0.15,0.38
"birmingham hip hop",0.7,0.85,0.02,0.78
"birmingham metal",0.38,0.78,0.23,0.52
"bitpop",0.45,0.86,0.18,0.63
"black 'n' roll",0.2,1,0.28,0.61
"black comedy",0.58,0.64,0.61,0.42
"black metal",0.24,0.91,0.22,0.55
"black thrash",0.22,0.87,0.22,0.61
"blackened crust",0.2,1,0.28,0.61
"blackgaze",0.32,0.39,0.25,0.31
"bleep techno",0.49,0.74,0.22,0.58
"bluegrass",0.55,0.48,0.22,0.51
"bluegrass gospel",0.6,0.44,0.26,0.52
"blues",0.59,0.45,0.2,0.47
"blues latinoamericano",0.32,0.94,0.13,0.65
"blues rock",0.52,0.62,0.24,0.49
"bmore",0.67,0.74,0.2,0.56
"bohemian baroque",0.31,0.01,0.16,0.19
"bolero",0.54,0.42,0.21,0.45
"bolero cubano",0.58,0.42,0.17,0.45
"boogaloo",0.6,0.6,0.23,0.48
"boogie",0.7,0.67,0.15,0.45
"boogie-woogie",0.62,0.35,0.17,0.45
"boom bap",0.62,0.72,0.27,0.41
"bossa nova",0.57,0.45,0.17,0.45
"bossa nova jazz",0.61,0.5,0.19,0.39
"boston hardcore",0.52,0.75,0.22,0.43
"boston hip hop",0.73,0.71,0.16,0.42
"boston indie",0.65,0.59,0.15,0.39
"boston metal",0.35,0.94,0.15,0.72
"boston punk",0.43,0.86,0.24,0.42
"boston rock",0.51,0.69,0.21,0.52
"bounce",0.8,0.76,0.18,0.49
"bouncy house",0.53,0.81,0.2,0.75
"bouzouki",0.51,0.55,0.16,0.5
"bow pop",0.42,0.42,0.18,0.48
"boy band",0.63,0.65,0.17,0.46
"boy pop",0.59,0.81,0.17,0.49
"boy soprano",0.17,0.02,0.1,0.28
"brain waves",0.24,0.27,0.16,0.56
"braindance",0.52,0.48,0.14,0.48
"brass band",0.53,0.52,0.19,0.48
"brass ensemble",0.38,0.17,0.15,0.43
"brass quintet",0.24,0.04,0.11,0.52
"brazilian boogie",0.65,0.65,0.2,0.38
"brazilian composition",0.51,0.39,0.2,0.43
"brazilian edm",0.82,0.61,0.18,0.49
"brazilian hip hop",0.64,0.84,0.26,0.31
"brazilian indie",0.6,0.46,0.2,0.48
"brazilian jazz",0.51,0.46,0.17,0.44
"brazilian metal",0.38,0.94,0.18,0.44
"brazilian modern jazz",0.46,0.23,0.17,0.39
"brazilian percussion",0.66,0.72,0.42,0.31
"brazilian psychedelic",0.49,0.57,0.26,0.37
"brazilian punk",0.58,0.73,0.35,0.42
"brazilian punk rock",0.53,0.79,0.32,0.43
"brazilian reggae",0.66,0.67,0.24,0.4
"brazilian rock",0.56,0.7,0.21,0.47
"brazilian ska",0.32,0.99,0.23,0.75
"brazilian soul",0.67,0.62,0.19,0.39
"brazilian thrash metal",0.38,0.94,0.18,0.44
"breakbeat",0.57,0.84,0.18,0.53
"breakcore",0.85,0.99,0.09,0.55
"brega",0.55,0.48,0.18,0.42
"breton folk",0.12,0.14,0.13,0.2
"brighton indie",0.52,0.85,0.22,0.56
"brill building pop",0.53,0.5,0.21,0.47
"brisbane indie",0.61,0.59,0.11,0.61
"bristol electronic",0.34,0.28,0.09,0.59
"bristol indie",0.43,0.66,0.38,0.68
"brit funk",0.71,0.58,0.14,0.42
"british alternative rock",0.55,0.67,0.34,0.48
"british black metal",0.4,0.95,0.11,0.53
"british blues",0.51,0.57,0.25,0.49
"british brass band",0.64,0.89,0.44,0.35
"british children's music",0.91,0.6,0.06,0.36
"british choir",0.23,0.18,0.15,0.35
"british comedy",0.67,0.5,0.32,0.4
"british contemporary classical",0.28,0.12,0.1,0.42
"british dance band",0.48,0.22,0.31,0.45
"british experimental",0.41,0.61,0.17,0.53
"british folk",0.5,0.34,0.14,0.49
"british indie rock",0.49,0.74,0.22,0.48
"british industrial",0.52,0.61,0.17,0.5
"british invasion",0.52,0.59,0.2,0.47
"british jazz",0.43,0.52,0.15,0.49
"british modern classical",0.28,0.15,0.16,0.38
"british post-rock",0.43,0.41,0.16,0.44
"british singer-songwriter",0.53,0.43,0.14,0.47
"british soul",0.62,0.62,0.16,0.47
"british soundtrack",0.25,0.26,0.15,0.36
"britpop",0.49,0.74,0.21,0.49
"broadway",0.52,0.4,0.19,0.45
"broken beat",0.6,0.58,0.1,0.44
"bronx hip hop",0.77,0.7,0.23,0.41
"brooklyn indie",0.53,0.71,0.15,0.5
"brostep",0.62,0.78,0.2,0.53
"brutal death metal",0.26,0.94,0.21,0.49
"brutal deathcore",0.53,0.87,0.15,0.47
"bubble trance",0.62,0.89,0.17,0.56
"bubblegum dance",0.7,0.87,0.21,0.53
"bubblegum pop",0.55,0.57,0.2,0.48
"buffalo ny indie",0.55,0.58,0.12,0.48
"buffalo ny metal",0.29,0.97,0.18,0.47
"bulgarian folk",0.18,0.29,0.36,0.32
"burmese traditional",0.48,0.08,0.18,0.39
"bush ballad",0.62,0.27,0.11,0.41
"c-pop",0.54,0.41,0.19,0.45
"c86",0.47,0.73,0.23,0.54
"cabaret",0.51,0.28,0.24,0.42
"cajun",0.5,0.56,0.19,0.64
"calgary indie",0.45,0.61,0.36,0.55
"cali rap",0.77,0.61,0.18,0.41
"calming instrumental",0.39,0.17,0.15,0.33
"calypso",0.6,0.46,0.25,0.42
"cambodian rock",0.52,0.71,0.24,0.51
"cambridge choir",0.3,0.17,0.14,0.39
"cambridgeshire indie",0.36,0.55,0.11,0.4
"canadian americana",0.57,0.29,0.12,0.44
"canadian blues",0.59,0.71,0.21,0.42
"canadian ccm",0.54,0.73,0.13,0.5
"canadian celtic",0.53,0.65,0.2,0.55
"canadian children's music",0.77,0.35,0.18,0.4
"canadian choir",0.12,0.09,0.08,0.24
"canadian classical",0.25,0.16,0.17,0.32
"canadian comedy",0.43,0.44,0.26,0.44
"canadian contemporary country",0.61,0.69,0.17,0.48
"canadian contemporary r&b",0.62,0.58,0.2,0.45
"canadian country",0.61,0.57,0.17,0.43
"canadian electronic",0.61,0.74,0.25,0.54
"canadian electropop",0.66,0.73,0.15,0.49
"canadian experimental",0.34,0.18,0.2,0.51
"canadian folk",0.57,0.39,0.14,0.43
"canadian hardcore",0.39,0.93,0.18,0.44
"canadian hip hop",0.75,0.6,0.19,0.47
"canadian house",0.7,0.4,0.62,0.45
"canadian indie",0.57,0.63,0.17,0.49
"canadian indie folk",0.49,0.41,0.12,0.57
"canadian indigenous",0.61,0.51,0.1,0.5
"canadian latin",0.7,0.68,0.17,0.43
"canadian metal",0.43,0.85,0.26,0.52
"canadian metalcore",0.31,0.96,0.12,0.59
"canadian modern jazz",0.55,0.53,0.14,0.44
"canadian pop",0.58,0.61,0.17,0.49
"canadian pop punk",0.47,0.79,0.15,0.63
"canadian post-hardcore",0.4,0.87,0.21,0.51
"canadian post-rock",0.15,0.56,0.12,0.36
"canadian psychedelic",0.41,0.53,0.17,0.52
"canadian punk",0.47,0.88,0.25,0.58
"canadian rock",0.52,0.76,0.17,0.55
"canadian rockabilly",0.54,0.9,0.22,0.35
"canadian singer-songwriter",0.57,0.46,0.18,0.46
"canadian soundtrack",0.27,0.28,0.12,0.45
"cancion infantil mexicana",0.5,0.3,0.2,0.34
"cancion melodica",0.53,0.52,0.21,0.43
"candomble",0.62,0.76,0.12,0.29
"candy pop",0.55,0.78,0.21,0.56
"cantautor",0.56,0.54,0.24,0.48
"cante flamenco",0.59,0.88,0.05,0.4
"canterbury scene",0.42,0.54,0.21,0.45
"canto popular uruguayo",0.49,0.37,0.11,0.57
"cantopop",0.57,0.43,0.16,0.46
"canzone d'autore",0.48,0.45,0.16,0.46
"canzone genovese",0.51,0.25,0.17,0.51
"canzone napoletana",0.38,0.28,0.21,0.41
"cape breton folk",0.56,0.18,0.27,0.16
"cape town indie",0.34,0.7,0.1,0.65
"cape verdean folk",0.62,0.46,0.15,0.41
"carnatic",0.57,0.44,0.22,0.45
"carnatic instrumental",0.56,0.44,0.33,0.57
"carnatic vocal",0.55,0.39,0.21,0.44
"cartoon",0.66,0.62,0.19,0.45
"cathedral choir",0.13,0.02,0.11,0.17
"catstep",0.56,0.79,0.17,0.55
"ccm",0.49,0.6,0.21,0.48
"cedm",0.61,0.82,0.11,0.6
"cello",0.4,0.29,0.14,0.46
"celtic",0.48,0.44,0.18,0.45
"celtic harp",0.32,0.07,0.33,0.62
"celtic metal",0.45,0.89,0.27,0.47
"celtic punk",0.56,0.78,0.26,0.55
"celtic rock",0.52,0.65,0.19,0.53
"cha-cha-cha",0.61,0.38,0.2,0.42
"chakra",0.21,0.13,0.1,0.31
"chamber choir",0.21,0.2,0.16,0.31
"chamber ensemble",0.29,0.46,0.17,0.65
"chamber folk",0.57,0.47,0.14,0.53
"chamber orchestra",0.35,0.14,0.16,0.37
"chamber pop",0.51,0.48,0.14,0.47
"chamber psych",0.56,0.56,0.19,0.46
"champeta",0.64,0.78,0.17,0.5
"channel islands indie",0.71,0.6,0.14,0.36
"channel pop",0.5,0.4,0.13,0.59
"chanson",0.53,0.43,0.19,0.44
"chanson paillarde",0.66,0.6,0.16,0.48
"chaotic hardcore",0.43,0.76,0.21,0.5
"charanga",0.62,0.47,0.13,0.36
"charlotte nc indie",0.62,0.69,0.2,0.47
"charlottesville indie",0.55,0.66,0.14,0.49
"chattanooga indie",0.65,0.3,0.09,0.3
"chicago blues",0.56,0.46,0.17,0.48
"chicago drill",0.67,0.65,0.21,0.5
"chicago hardcore",0.34,0.91,0.22,0.5
"chicago house",0.73,0.72,0.17,0.5
"chicago indie",0.55,0.67,0.21,0.52
"chicago pop punk",0.38,0.8,0.2,0.59
"chicago punk",0.43,0.86,0.22,0.6
"chicago rap",0.68,0.66,0.21,0.47
"chicago soul",0.57,0.52,0.21,0.47
"chicano punk",0.44,0.87,0.27,0.52
"chicano rap",0.77,0.62,0.18,0.41
"chicha",0.66,0.63,0.16,0.44
"chihuahua indie",0.68,0.54,0.3,0.69
"children's choir",0.4,0.43,0.2,0.38
"children's folk",0.68,0.36,0.23,0.44
"children's music",0.67,0.42,0.2,0.45
"children's story",0.65,0.36,0.1,0.29
"chilean hardcore",0.63,0.75,0.12,0.58
"chilean indie",0.61,0.49,0.13,0.45
"chilean rock",0.52,0.59,0.13,0.43
"chill beats",0.54,0.83,0.49,0.42
"chill guitar",0.41,0.1,0.13,0.32
"chill lounge",0.54,0.56,0.28,0.51
"chillhop",0.71,0.42,0.19,0.36
"chillstep",0.54,0.63,0.12,0.56
"chillwave",0.57,0.64,0.19,0.46
"chinese audiophile",0.53,0.26,0.15,0.54
"chinese classical",0.39,0.45,0.09,0.54
"chinese classical performance",0.33,0.09,0.09,0.34
"chinese electropop",0.65,0.73,0.16,0.52
"chinese folk",0.34,0.05,0.13,0.34
"chinese hip hop",0.41,0.68,0.17,0.3
"chinese idol pop",0.7,0.73,0.15,0.44
"chinese indie",0.55,0.46,0.16,0.52
"chinese indie rock",0.35,0.69,0.06,0.94
"chinese instrumental",0.45,0.06,0.09,0.38
"chinese jazz",0.67,0.31,0.08,0.59
"chinese soundtrack",0.39,0.45,0.09,0.54
"chinese traditional",0.21,0.19,0.23,0.35
"chiptune",0.46,0.73,0.12,0.7
"chopped and screwed",0.74,0.62,0.29,0.55
"choral",0.26,0.15,0.16,0.36
"choro",0.53,0.47,0.19,0.46
"christchurch indie",0.42,0.63,0.2,0.4
"christian a cappella",0.51,0.43,0.1,0.31
"christian alternative rock",0.5,0.65,0.19,0.48
"christian dance",0.69,0.92,0.07,0.6
"christian hard rock",0.48,0.9,0.19,0.53
"christian hardcore",0.53,0.78,0.2,0.61
"christian hip hop",0.7,0.78,0.21,0.5
"christian indie",0.5,0.55,0.14,0.44
"christian metal",0.42,0.78,0.21,0.58
"christian music",0.48,0.57,0.21,0.48
"christian pop",0.65,0.75,0.17,0.51
"christian power metal",0.39,0.79,0.17,0.49
"christian punk",0.54,0.82,0.19,0.52
"christian relaxative",0.37,0.27,0.18,0.45
"christian rock",0.5,0.84,0.19,0.54
"christian trap",0.72,0.75,0.16,0.49
"christian uplift",0.48,0.4,0.15,0.47
"christmas instrumental",0.52,0.24,0.14,0.43
"chunchaca",0.73,0.66,0.14,0.53
"chutney",0.67,0.64,0.17,0.5
"cincinnati indie",0.46,0.74,0.33,0.77
"cinematic post-rock",0.56,0.74,0.21,0.49
"circuit",0.74,0.97,0.3,0.52
"circus",0.5,0.57,0.27,0.49
"classic afrobeat",0.64,0.77,0.15,0.37
"classic arab pop",0.48,0.37,0.24,0.48
"classic australian country",0.58,0.34,0.2,0.46
"classic belgian pop",0.49,0.66,0.13,0.57
"classic bollywood",0.5,0.34,0.22,0.42
"classic canadian rock",0.56,0.64,0.18,0.51
"classic cantopop",0.56,0.41,0.19,0.45
"classic colombian pop",0.67,0.48,0.17,0.47
"classic country pop",0.6,0.45,0.16,0.45
"classic czech pop",0.28,0.47,0.09,0.71
"classic danish pop",0.63,0.44,0.17,0.42
"classic eurovision",0.39,0.25,0.18,0.42
"classic finnish pop",0.59,0.43,0.22,0.73
"classic finnish rock",0.36,0.35,0.11,1
"classic french pop",0.62,0.66,0.24,0.43
"classic garage rock",0.52,0.65,0.2,0.51
"classic girl group",0.57,0.55,0.21,0.45
"classic greek pop",0.52,0.43,0.16,0.48
"classic hardstyle",0.66,0.97,0.24,0.52
"classic icelandic pop",0.56,0.3,0.66,0.59
"classic iskelma",0.67,0.46,0.26,0.64
"classic israeli pop",0.53,0.47,0.12,0.45
"classic italian folk pop",0.4,0.15,0.21,0.37
"classic italian pop",0.52,0.44,0.19,0.46
"classic j-rock",0.58,0.71,0.17,0.54
"classic japanese jazz",0.5,0.39,0.11,0.43
"classic korean pop",0.44,0.28,0.12,0.42
"classic mandopop",0.53,0.42,0.23,0.43
"classic norwegian pop",0.61,0.54,0.1,0.59
"classic opm",0.49,0.43,0.18,0.5
"classic pakistani pop",0.54,0.38,0.22,0.41
"classic persian pop",0.46,0.46,0.2,0.5
"classic peruvian pop",0.66,0.65,0.21,0.61
"classic polish pop",0.66,0.43,0.12,0.4
"classic praise",0.36,0.33,0.23,0.41
"classic progressive house",0.75,0.71,0.26,0.51
"classic psychedelic rock",0.31,0.49,0.15,0.56
"classic rock",0.52,0.6,0.22,0.49
"classic russian pop",0.56,0.3,0.19,0.41
"classic russian rock",0.51,0.68,0.3,0.58
"classic schlager",0.57,0.42,0.25,0.44
"classic soul",0.57,0.53,0.2,0.46
"classic soundtrack",0.32,0.28,0.18,0.37
"classic swedish pop",0.57,0.55,0.17,0.47
"classic thai pop",0.7,0.83,0.05,0.35
"classic turkish pop",0.41,0.41,0.36,0.4
"classic uk pop",0.58,0.57,0.17,0.46
"classic venezuelan pop",0.61,0.55,0.1,0.45
"classical",0.32,0.16,0.17,0.38
"classical accordion",0.35,0.39,0.15,0.55
"classical baritone",0.32,0.19,0.21,0.36
"classical bass",0.3,0.21,0.27,0.32
"classical cello",0.27,0.1,0.14,0.38
"classical clarinet",0.3,0.18,0.18,0.39
"classical contralto",0.29,0.14,0.17,0.36
"classical countertenor",0.29,0.07,0.11,0.43
"classical era",0.37,0.13,0.15,0.4
"classical flute",0.37,0.18,0.1,0.41
"classical guitar",0.44,0.07,0.1,0.45
"classical guitar quartet",0.64,0.02,0.11,0.52
"classical harp",0.35,0.08,0.1,0.36
"classical horn",0.19,0.02,0.11,0.2
"classical mandolin",0.49,0.43,0.17,0.41
"classical mezzo-soprano",0.3,0.18,0.25,0.37
"classical oboe",0.17,0.12,0.12,0.18
"classical organ",0.22,0.16,0.13,0.39
"classical performance",0.31,0.14,0.16,0.38
"classical piano",0.33,0.07,0.12,0.34
"classical piano duo",0.38,0.08,0.1,0.25
"classical piano trio",0.31,0.09,0.14,0.32
"classical saxophone",0.34,0.61,0.28,0.75
"classical soprano",0.31,0.16,0.24,0.37
"classical tenor",0.32,0.2,0.22,0.36
"classical trumpet",0.4,0.28,0.32,0.52
"classify",0.46,0.29,0.13,0.38
"clawhammer banjo",0.53,0.28,0.23,0.6
"clean comedy",0.51,0.63,0.68,0.36
"coco",0.68,0.82,0.34,0.32
"collage pop",0.58,0.75,0.27,0.6
"college a cappella",0.55,0.47,0.1,0.42
"college marching band",0.67,0.36,0.06,0.44
"colombian hip hop",0.73,0.81,0.08,0.67
"colombian pop",0.71,0.69,0.16,0.46
"colombian rock",0.74,0.7,0.14,0.4
"columbus ohio indie",0.54,0.74,0.36,0.48
"comedienne",0.28,0.05,0.13,0.25
"comedy",0.54,0.7,0.66,0.38
"comedy rap",0.74,0.63,0.15,0.48
"comedy rock",0.59,0.71,0.2,0.49
"comic",0.6,0.69,0.41,0.45
"comic metal",0.54,0.79,0.28,0.46
"complextro",0.59,0.77,0.23,0.54
"compositional ambient",0.34,0.23,0.13,0.42
"concepcion indie",0.48,0.79,0.05,0.41
"concert band",0.22,0.14,0.36,0.53
"concertina",0.58,0.53,0.93,0.52
"connecticut hardcore",0.44,0.92,0.14,0.54
"connecticut indie",0.68,0.68,0.18,0.51
"conscious hip hop",0.69,0.7,0.23,0.41
"contemporary classical",0.26,0.12,0.15,0.34
"contemporary classical piano",0.34,0.08,0.19,0.25
"contemporary country",0.58,0.68,0.18,0.5
"contemporary folk",0.51,0.12,0.3,0.51
"contemporary gospel",0.51,0.66,0.37,0.47
"contemporary jazz",0.44,0.27,0.16,0.43
"contemporary post-bop",0.48,0.31,0.19,0.42
"contemporary vocal jazz",0.56,0.32,0.14,0.44
"contrabass",0.25,0.16,0.12,0.31
"cook islands pop",0.72,0.65,0.14,0.34
"cool jazz",0.51,0.3,0.19,0.43
"copla",0.52,0.37,0.16,0.42
"cornwall indie",0.39,0.63,0.11,0.79
"corrido",0.71,0.68,0.2,0.45
"corridos tumbados",0.68,0.67,0.18,0.47
"corrosion",0.47,0.77,0.26,0.59
"cosmic american",0.51,0.5,0.19,0.44
"cosmic post-rock",0.3,0.42,0.14,0.45
"country",0.59,0.6,0.17,0.49
"country blues",0.61,0.33,0.2,0.44
"country boogie",0.73,0.44,0.17,0.6
"country dawn",0.57,0.61,0.17,0.51
"country gospel",0.59,0.44,0.2,0.45
"country pop",0.57,0.68,0.17,0.52
"country rap",0.7,0.69,0.19,0.48
"country road",0.58,0.67,0.18,0.5
"country rock",0.56,0.54,0.21,0.48
"coverchill",0.66,0.31,0.16,0.33
"cowboy western",0.58,0.4,0.15,0.46
"cowpunk",0.56,0.68,0.24,0.5
"crack rock steady",0.48,0.87,0.26,0.44
"croatian folk",0.32,0.57,0.37,0.34
"croatian pop",0.58,0.77,0.11,0.51
"croatian rock",0.58,0.75,0.15,0.53
"crossover thrash",0.32,0.91,0.21,0.49
"crunk",0.76,0.71,0.21,0.5
"crust punk",0.33,0.92,0.27,0.48
"cuarteto",0.67,0.79,0.17,0.44
"cuatro venezolano",0.65,0.61,0.14,0.54
"cuban alternative",0.74,0.78,0.17,0.57
"cuban rumba",0.58,0.52,0.17,0.43
"cubaton",0.65,0.68,0.17,0.31
"cumbia",0.69,0.63,0.16,0.49
"cumbia andina mexicana",0.7,0.62,0.14,0.53
"cumbia chilena",0.79,0.78,0.12,0.34
"cumbia ecuatoriana",0.54,0.26,0.22,0.57
"cumbia funk",0.66,0.76,0.19,0.48
"cumbia lagunera",0.76,0.58,0.22,0.5
"cumbia paraguaya",0.79,0.83,0.16,0.42
"cumbia peruana",0.6,0.54,0.13,0.36
"cumbia pop",0.64,0.82,0.29,0.61
"cumbia ranchera",0.66,0.48,0.16,0.39
"cumbia salvadorena",0.75,0.62,0.1,0.49
"cumbia santafesina",0.86,0.68,0.02,0.5
"cumbia sonidera",0.7,0.65,0.15,0.52
"cumbia villera",0.82,0.74,0.12,0.44
"cyberpunk",0.45,0.8,0.36,0.5
"cymraeg",0.57,0.71,0.07,0.78
"cypriot pop",0.39,0.59,0.22,0.37
"czech contemporary classical",0.4,0.16,0.09,0.5
"czech folk",0.35,0.51,0.1,0.69
"czech hip hop",0.9,0.55,0.07,0.37
"czech rock",0.41,0.66,0.09,0.61
"czsk hip hop",0.9,0.55,0.07,0.37
"d-beat",0.24,0.94,0.15,0.58
"dabke",0.42,0.27,0.3,0.36
"dakke dak",0.7,0.84,0.17,0.59
"dallas indie",0.44,0.72,0.18,0.51
"dance pop",0.65,0.68,0.18,0.48
"dance rock",0.58,0.68,0.19,0.5
"dance-punk",0.55,0.77,0.2,0.52
"dancehall",0.72,0.69,0.15,0.48
"dangdut",0.37,0.51,0.28,0.52
"danish classical",0.49,0.08,0.1,0.69
"danish electronic",0.62,0.74,0.24,0.52
"danish electropop",0.54,0.16,0.26,0.52
"danish hip hop",0.89,0.6,0.06,0.51
"danish jazz",0.5,0.33,0.58,0.51
"danish metal",0.37,0.86,0.29,0.49
"danish pop",0.74,0.71,0.14,0.55
"danish pop rock",0.52,0.53,0.38,0.47
"danish post-punk",0.56,0.98,0.21,0.43
"danish rock",0.45,0.89,0.27,0.45
"danish singer-songwriter",0.56,0.98,0.21,0.43
"dansband",0.47,0.61,0.25,0.61
"danseband",0.37,0.5,0.1,0.97
"dansktop",0.56,0.34,0.19,0.35
"danspunk",0.52,0.63,0.14,0.66
"dark cabaret",0.55,0.66,0.26,0.56
"dark disco",0.62,0.77,0.12,0.42
"dark jazz",0.37,0.16,0.11,0.29
"dark post-punk",0.49,0.72,0.21,0.56
"dark techno",0.78,0.72,0.1,0.51
"dark trap",0.69,0.66,0.19,0.5
"dark wave",0.5,0.69,0.21,0.54
"darksynth",0.54,0.78,0.17,0.38
"dayton indie",0.47,0.76,0.19,0.57
"dc hardcore",0.39,0.83,0.24,0.52
"dc indie",0.6,0.49,0.16,0.55
"death 'n' roll",0.2,0.94,0.27,0.59
"death metal",0.31,0.9,0.2,0.5
"deathcore",0.41,0.9,0.19,0.5
"deathgrass",0.3,0.9,0.31,0.35
"deathgrind",0.25,0.91,0.17,0.41
"deathrash",0.29,0.91,0.18,0.53
"deathrock",0.42,0.8,0.21,0.61
"deathstep",0.43,0.94,0.15,0.52
"deep acoustic pop",0.42,0.73,0.24,0.54
"deep adult standards",0.51,0.33,0.23,0.43
"deep big room",0.65,0.83,0.18,0.5
"deep ccm",0.47,0.58,0.25,0.5
"deep christian rock",0.52,0.4,0.2,0.42
"deep classic garage rock",0.57,0.65,0.22,0.31
"deep comedy",0.67,0.39,0.57,0.35
"deep contemporary country",0.61,0.51,0.17,0.49
"deep cumbia sonidera",0.79,0.58,0.09,0.51
"deep dance pop",0.7,0.94,0.29,0.53
"deep delta blues",0.46,0.07,0.18,0.42
"deep disco",0.75,0.67,0.16,0.46
"deep disco house",0.77,0.51,0.14,0.5
"deep dnb",0.48,0.99,0.07,0.59
"deep east coast hip hop",0.72,0.76,0.15,0.45
"deep euro house",0.69,0.68,0.22,0.49
"deep free jazz",0.49,0.39,0.26,0.28
"deep freestyle",0.72,0.72,0.16,0.48
"deep funk",0.61,0.78,0.08,0.52
"deep g funk",0.84,0.52,0.15,0.44
"deep gothic post-punk",0.52,0.82,0.1,0.62
"deep groove house",0.68,0.75,0.18,0.49
"deep house",0.74,0.67,0.15,0.48
"deep idm",0.61,0.49,0.16,0.39
"deep indian pop",0.63,0.43,0.18,0.38
"deep indie singer-songwriter",0.44,0.92,0.25,0.65
"deep latin alternative",0.56,0.22,0.2,0.42
"deep latin christian",0.51,0.43,0.24,0.28
"deep melodic euro house",0.61,0.54,0.18,0.53
"deep melodic metalcore",0.53,0.91,0.1,0.42
"deep minimal techno",0.81,0.73,0.11,0.51
"deep motown",0.55,0.51,0.25,0.47
"deep new americana",0.54,0.55,0.17,0.44
"deep new wave",0.66,0.71,0.21,0.55
"deep norteno",0.67,0.7,0.14,0.42
"deep northern soul",0.22,0.2,0.14,0.76
"deep pop edm",0.6,0.58,0.15,0.56
"deep pop r&b",0.66,0.58,0.17,0.46
"deep psychobilly",0.54,0.97,0.1,0.59
"deep punk rock",0.58,0.74,0.05,0.5
"deep r&b",0.43,0.95,0.13,0.77
"deep ragga",0.71,0.53,0.15,0.42
"deep regional mexican",0.69,0.66,0.18,0.49
"deep smooth jazz",0.67,0.59,0.12,0.42
"deep soft rock",0.64,0.53,0.2,0.4
"deep soul house",0.73,0.56,0.12,0.4
"deep soundtrack",0.22,0.12,0.11,0.37
"deep southern soul",0.71,0.58,0.09,0.4
"deep southern trap",0.75,0.68,0.2,0.49
"deep talent show",0.59,0.63,0.12,0.52
"deep tech house",0.3,0.43,0.2,0.52
"deep tropical house",0.65,0.67,0.18,0.48
"deep underground hip hop",0.69,0.64,0.21,0.5
"deep uplifting trance",0.72,0.89,0.35,0.53
"delta blues",0.58,0.36,0.18,0.46
"dembow",0.83,0.76,0.17,0.39
"denpa-kei",0.54,0.82,0.23,0.54
"denton tx indie",0.59,0.74,0.12,0.47
"denver indie",0.56,0.61,0.24,0.44
"derby indie",0.81,0.6,0.11,0.38
"desert blues",0.45,0.45,0.14,0.6
"desi hip hop",0.67,0.55,0.15,0.39
"desi pop",0.65,0.57,0.16,0.41
"destroy techno",0.61,0.74,0.19,0.48
"detroit hip hop",0.71,0.73,0.27,0.39
"detroit house",0.71,0.72,0.15,0.47
"detroit techno",0.76,0.61,0.35,0.48
"detroit trap",0.73,0.69,0.19,0.46
"detske pisnicky",0.15,0.28,0.09,0.81
"detskie pesni",0.59,0.3,0.16,0.47
"devon indie",0.59,0.42,0.11,0.31
"dfw rap",0.76,0.65,0.15,0.59
"dhrupad",0.58,0.16,0.15,0.29
"digital hardcore",0.64,0.8,0.3,0.47
"dinner jazz",0.58,0.21,0.11,0.45
"dirty south rap",0.74,0.67,0.22,0.5
"dirty texas rap",0.8,0.54,0.21,0.55
"disco",0.66,0.62,0.17,0.46
"disco house",0.7,0.78,0.19,0.51
"disney",0.49,0.38,0.19,0.4
"diva house",0.7,0.76,0.17,0.49
"dixieland",0.54,0.4,0.22,0.47
"diy emo",0.34,0.72,0.3,0.63
"djent",0.48,0.87,0.23,0.53
"dmv rap",0.71,0.62,0.16,0.52
"dominican pop",0.73,0.65,0.16,0.52
"dong-yo",0.83,0.89,0.06,0.45
"doo-wop",0.51,0.48,0.2,0.49
"doom metal",0.29,0.78,0.23,0.49
"doujin",0.74,0.64,0.1,0.32
"downtempo",0.61,0.59,0.16,0.47
"drama",0.52,0.37,0.34,0.41
"dream pop",0.43,0.57,0.16,0.5
"dream trance",0.63,0.87,0.17,0.54
"dreamgaze",0.28,0.75,0.18,0.43
"dreamo",0.49,0.77,0.23,0.54
"drift",0.23,0.11,0.11,0.37
"drill",0.64,0.66,0.2,0.48
"drill and bass",0.61,0.62,0.15,0.46
"drone",0.29,0.2,0.13,0.39
"drone ambient",0.15,0.21,0.13,0.18
"drone folk",0.46,0.35,0.12,0.4
"drone metal",0.32,0.66,0.22,0.44
"drum and bass",0.52,0.74,0.22,0.54
"dub",0.76,0.5,0.15,0.46
"dub metal",0.39,0.78,0.31,0.51
"dub poetry",0.78,0.58,0.11,0.63
"dub techno",0.45,0.37,0.16,0.49
"dubstep",0.57,0.71,0.17,0.57
"duduk",0.14,0.13,0.12,0.28
"duluth indie",0.51,0.69,0.17,0.47
"dunedin indie",0.67,0.37,0.21,0.52
"dunedin sound",0.63,0.46,0.27,0.52
"dungeon synth",0.26,0.77,0.33,0.43
"duranguense",0.68,0.64,0.15,0.51
"dusseldorf electronic",0.61,0.58,0.21,0.44
"dutch blues",0.41,0.53,0.3,0.85
"dutch cabaret",0.61,0.39,0.4,0.4
"dutch death metal",0.31,0.99,0.27,0.38
"dutch edm",0.66,0.88,0.16,0.49
"dutch folk",0.72,0.06,0.18,0.51
"dutch hip hop",0.79,0.64,0.15,0.42
"dutch house",0.67,0.81,0.19,0.47
"dutch indie",0.54,0.39,0.17,0.46
"dutch jazz",0.32,0.08,0.71,0.8
"dutch metal",0.31,0.9,0.22,0.47
"dutch pop",0.65,0.66,0.16,0.48
"dutch prog",0.43,0.69,0.08,0.36
"dutch rock",0.55,0.61,0.16,0.45
"dutch trance",0.63,0.86,0.19,0.56
"dutch trap pop",0.81,0.71,0.22,0.39
"e6fi",0.49,0.63,0.19,0.46
"early avant garde",0.56,0.15,0.2,0.48
"early modern classical",0.3,0.17,0.17,0.37
"early music",0.33,0.15,0.14,0.34
"early music choir",0.22,0.16,0.16,0.39
"early music ensemble",0.34,0.19,0.17,0.34
"early reggae",0.77,0.47,0.12,0.34
"early romantic era",0.39,0.18,0.16,0.42
"early synthpop",0.65,0.61,0.19,0.51
"early us punk",0.41,0.85,0.27,0.57
"east coast hip hop",0.74,0.69,0.22,0.41
"east coast reggae",0.68,0.58,0.17,0.43
"eastern bloc groove",0.66,0.79,0.09,0.33
"easy listening",0.42,0.34,0.21,0.44
"easycore",0.55,0.92,0.21,0.52
"eau claire indie",0.47,0.43,0.12,0.49
"ebm",0.61,0.75,0.27,0.51
"ecm-style jazz",0.38,0.24,0.15,0.42
"ectofolk",0.53,0.41,0.15,0.44
"ecuadorian pop",0.73,0.61,0.21,0.45
"edm",0.62,0.76,0.2,0.51
"edmonton indie",0.65,0.64,0.19,0.46
"egyptian pop",0.76,0.75,0.17,0.55
"egyptian traditional",0.63,0.2,0.09,0.31
"el paso indie",0.35,0.69,0.29,0.49
"electra",0.68,0.63,0.17,0.48
"electric bass",0.61,0.42,0.15,0.43
"electric blues",0.55,0.55,0.21,0.48
"electro",0.79,0.66,0.19,0.44
"electro house",0.63,0.78,0.2,0.52
"electro jazz",0.72,0.77,0.16,0.42
"electro latino",0.73,0.79,0.19,0.46
"electro swing",0.69,0.66,0.15,0.41
"electro-industrial",0.6,0.81,0.32,0.48
"electroclash",0.62,0.79,0.17,0.54
"electrofox",0.75,0.74,0.07,0.55
"electronic djent",0.46,0.75,0.16,0.53
"electronic rock",0.58,0.8,0.22,0.55
"electronic trap",0.66,0.76,0.2,0.55
"electronica",0.62,0.61,0.18,0.47
"electronica argentina",0.58,0.69,0.16,0.53
"electropop",0.63,0.66,0.18,0.49
"electropowerpop",0.55,0.8,0.2,0.59
"emo",0.45,0.81,0.2,0.55
"emo punk",0.4,0.8,0.2,0.53
"emo rap",0.67,0.59,0.18,0.47
"emocore",0.29,0.89,0.29,0.48
"english baroque",0.32,0.14,0.16,0.38
"english indie rock",0.48,0.81,0.16,0.61
"english renaissance",0.36,0.13,0.1,0.25
"enka",0.41,0.33,0.28,0.51
"entehno",0.55,0.43,0.18,0.45
"environmental",0.17,0.66,0.52,0.28
"epic doom",0.22,0.83,0.13,0.44
"epicore",0.48,0.57,0.14,0.47
"erhu",0.22,0.23,0.35,0.3
"escape room",0.67,0.66,0.2,0.48
"esperanto",0.24,0.41,0.09,0.25
"essex indie",0.52,0.82,0.1,0.62
"estonian hip hop",0.58,0.46,0.14,0.26
"estonian pop",0.43,0.81,0.34,0.48
"ethereal wave",0.37,0.55,0.18,0.48
"etherpop",0.59,0.59,0.14,0.46
"ethio-jazz",0.49,0.4,0.13,0.38
"ethiopian pop",0.43,0.2,0.11,0.24
"ethnomusicology",0.66,0.36,0.16,0.55
"euphoric hardstyle",0.55,0.88,0.43,0.47
"eurobeat",0.56,0.88,0.23,0.62
"eurodance",0.7,0.85,0.21,0.53
"europop",0.66,0.76,0.19,0.5
"euroska",0.71,0.79,0.1,0.65
"eurovision",0.61,0.72,0.25,0.43
"exotica",0.5,0.43,0.17,0.45
"experimental",0.47,0.55,0.19,0.47
"experimental ambient",0.28,0.19,0.12,0.44
"experimental big band",0.35,0.53,0.08,0.32
"experimental folk",0.65,0.47,0.5,0.41
"experimental hip hop",0.61,0.64,0.19,0.44
"experimental house",0.93,0.57,0.12,0.52
"experimental jazz",0.28,0.24,0.18,0.76
"experimental poetry",0.71,0.08,0.12,0.4
"experimental pop",0.53,0.58,0.18,0.52
"experimental rock",0.46,0.61,0.22,0.46
"experimental vocal",0.57,0.27,0.12,0.39
"fado",0.56,0.34,0.17,0.39
"family gospel",0.46,0.38,0.22,0.38
"faroese pop",0.37,0.33,0.11,0.18
"fast melodic punk",0.46,0.98,0.14,0.62
"fidget house",0.66,0.73,0.25,0.61
"fijian pop",0.72,0.65,0.14,0.34
"filmi",0.58,0.47,0.19,0.41
"filter house",0.68,0.75,0.18,0.48
"filthstep",0.58,0.83,0.2,0.56
"final fantasy",0.45,0.65,0.1,0.52
"fingerstyle",0.47,0.24,0.11,0.48
"finnish alternative rock",0.55,0.69,0.29,0.35
"finnish classical",0.19,0.16,0.24,0.3
"finnish contemporary classical",0.29,0.19,0.22,0.37
"finnish death metal",0.43,0.96,0.24,0.49
"finnish edm",0.61,0.77,0.12,0.41
"finnish hard rock",0.45,0.81,0.19,0.53
"finnish metal",0.38,0.91,0.2,0.56
"finnish power metal",0.44,0.85,0.15,0.47
"finnish soul",0.68,0.73,0.07,0.5
"flamenco",0.58,0.62,0.19,0.44
"flamenco guitar",0.58,0.7,0.19,0.46
"flick hop",0.22,0.03,0.09,0.28
"float house",0.69,0.46,0.14,0.42
"florida death metal",0.27,0.95,0.22,0.53
"florida rap",0.73,0.64,0.16,0.47
"fluxwork",0.47,0.35,0.15,0.46
"fo jing",0.49,0.48,0.35,0.25
"focus",0.34,0.12,0.12,0.34
"focus beats",0.7,0.52,0.1,0.39
"folclor afrocolombiano",0.71,0.68,0.24,0.54
"folclor colombiano",0.65,0.71,0.11,0.43
"folclore extremeno",0.64,0.44,0.25,0.4
"folclore navarra",0.42,0.18,0.04,0.33
"folk",0.54,0.42,0.18,0.47
"folk metal",0.32,0.94,0.41,0.69
"folk punk",0.46,0.64,0.26,0.55
"folk rock",0.54,0.51,0.19,0.47
"folk rock italiano",0.55,0.46,0.15,0.51
"folk-pop",0.57,0.52,0.14,0.44
"folklore argentino",0.52,0.41,0.38,0.38
"folklore ecuatoriano",0.61,0.28,0.2,0.53
"folklore peruano",0.64,0.79,0.12,0.56
"folklore venezolano",0.63,0.6,0.05,0.43
"folkmusik",0.52,0.25,0.15,0.35
"folktronica",0.54,0.52,0.19,0.45
"footwork",0.9,0.57,0.12,0.51
"forro",0.57,0.48,0.19,0.46
"forro tradicional",0.68,0.73,0.31,0.35
"fort worth indie",0.53,0.71,0.33,0.52
"fourth world",0.35,0.26,0.13,0.4
"francoton",0.74,0.73,0.17,0.41
"frankfurt electronic",0.74,0.95,0.12,0.58
"freak folk",0.51,0.54,0.17,0.46
"freakbeat",0.49,0.67,0.2,0.49
"free folk",0.64,0.67,0.16,0.26
"free improvisation",0.39,0.3,0.17,0.37
"free jazz",0.45,0.36,0.18,0.41
"freestyle",0.71,0.71,0.15,0.49
"fremantle indie",0.58,0.84,0.1,0.7
"french baroque",0.49,0.23,0.12,0.38
"french death metal",0.33,0.92,0.22,0.45
"french hip hop",0.81,0.79,0.25,0.45
"french indie pop",0.72,0.6,0.2,0.43
"french indietronica",0.63,0.72,0.16,0.4
"french jazz",0.55,0.37,0.17,0.46
"french metal",0.33,0.92,0.22,0.45
"french movie tunes",0.42,0.26,0.39,0.41
"french opera",0.33,0.19,0.18,0.41
"french pop",0.55,0.52,0.21,0.44
"french reggae",0.74,0.55,0.15,0.51
"french rock",0.63,0.56,0.19,0.45
"french shoegaze",0.29,0.72,0.18,0.69
"french soundtrack",0.41,0.36,0.21,0.44
"french techno",0.58,0.83,0.14,0.41
"funana",0.86,0.64,0.25,0.38
"funeral doom",0.4,0.98,0.15,0.45
"funk",0.64,0.57,0.18,0.46
"funk carioca",0.79,0.73,0.17,0.58
"funk das antigas",0.8,0.74,0.15,0.79
"funk metal",0.52,0.82,0.24,0.5
"funk ostentacao",0.75,0.69,0.13,0.62
"funk rock",0.58,0.72,0.21,0.49
"funky breaks",0.7,0.82,0.13,0.56
"funky tech house",0.72,0.74,0.07,0.5
"future funk",0.67,0.72,0.21,0.46
"future garage",0.62,0.52,0.13,0.49
"future house",0.71,0.85,0.15,0.47
"future rock",0.39,0.8,0.23,0.48
"futurepop",0.66,0.6,0.26,0.5
"g funk",0.79,0.69,0.22,0.4
"gabba",0.69,0.86,0.14,0.47
"gabonese pop",0.74,0.56,0.07,0.41
"gaian doom",0.32,0.66,0.1,0.46
"gainesville indie",0.52,0.68,0.2,0.48
"gaita zuliana",0.73,0.66,0.14,0.43
"galante era",0.38,0.2,0.14,0.44
"gamelan",0.5,0.2,0.13,0.29
"gaming edm",0.59,0.81,0.17,0.54
"gangster rap",0.75,0.68,0.22,0.44
"garage pop",0.47,0.8,0.18,0.52
"garage psych",0.5,0.72,0.2,0.5
"garage punk",0.38,0.88,0.17,0.57
"garage punk blues",0.46,0.9,0.24,0.44
"garage rock",0.48,0.78,0.19,0.53
"garage rock revival",0.52,0.73,0.19,0.48
"gauze pop",0.61,0.67,0.16,0.51
"gbvfi",0.48,0.7,0.19,0.49
"geek folk",0.51,0.5,0.09,0.42
"geek rock",0.63,0.67,0.18,0.49
"german alternative rock",0.48,0.77,0.14,0.43
"german baroque",0.35,0.16,0.15,0.34
"german choir",0.32,0.28,0.22,0.28
"german country",0.61,0.43,0.11,0.52
"german dance",0.73,0.75,0.17,0.5
"german hard rock",0.39,0.78,0.21,0.52
"german house",0.86,0.59,0.1,0.49
"german jazz",0.4,0.27,0.17,0.47
"german literature",0.65,0.15,0.38,0.4
"german metal",0.37,0.86,0.22,0.53
"german oi",0.28,0.79,0.39,0.78
"german opera",0.31,0.22,0.22,0.39
"german pop",0.61,0.61,0.17,0.49
"german pop rock",0.62,0.55,0.13,0.45
"german punk",0.57,0.7,0.35,0.61
"german reggae",0.7,0.74,0.09,0.66
"german renaissance",0.21,0.29,0.11,0.27
"german rock",0.46,0.68,0.23,0.51
"german show tunes",0.39,0.18,0.17,0.42
"german soundtrack",0.37,0.32,0.2,0.45
"german techno",0.69,0.82,0.19,0.53
"german thrash metal",0.26,0.91,0.15,0.44
"german underground rap",0.86,0.79,0.3,0.38
"ghanaian hip hop",0.8,0.67,0.16,0.39
"ghanaian traditional",0.64,0.08,0.15,0.62
"ghazal",0.52,0.35,0.21,0.4
"ghent indie",0.6,0.95,0.09,0.44
"girl group",0.69,0.69,0.17,0.45
"glam metal",0.49,0.77,0.23,0.5
"glam punk",0.41,0.82,0.22,0.6
"glam rock",0.51,0.67,0.24,0.51
"glee club",0.56,0.64,0.17,0.49
"glitch",0.57,0.64,0.16,0.45
"glitch hop",0.58,0.68,0.3,0.51
"glitch pop",0.54,0.68,0.11,0.45
"go-go",0.64,0.78,0.23,0.48
"gospel",0.48,0.61,0.32,0.44
"gospel blues",0.57,0.36,0.17,0.58
"gospel italiano",0.67,0.44,0.19,0.31
"gospel r&b",0.55,0.56,0.23,0.41
"gospel rap",0.75,0.83,0.62,0.61
"gospel reggae",0.84,0.86,0.11,0.38
"gospel singers",0.43,0.35,0.15,0.45
"gothabilly",0.38,0.79,0.31,0.61
"gothenburg indie",0.58,0.62,0.16,0.53
"gothenburg metal",0.42,0.94,0.35,0.49
"gothic alternative",0.53,0.83,0.21,0.47
"gothic americana",0.72,0.58,0.3,0.45
"gothic metal",0.43,0.83,0.17,0.47
"gothic post-punk",0.42,0.75,0.26,0.52
"gothic rock",0.48,0.72,0.18,0.57
"gothic symphonic metal",0.37,0.87,0.16,0.6
"gqom",0.7,0.65,0.19,0.56
"grand rapids indie",0.39,0.8,0.19,0.53
"grave wave",0.54,0.66,0.29,0.52
"graz indie",0.59,0.56,0.26,0.54
"greek clarinet",0.46,0.48,0.22,0.41
"greek contemporary classical",0.32,0.29,0.1,0.33
"greek folk",0.45,0.42,0.16,0.35
"greek guitar",0.47,0.58,0.18,0.26
"greek pop",0.57,0.44,0.19,0.46
"greek swing",0.46,0.26,0.22,0.43
"grime",0.74,0.75,0.21,0.5
"grindcore",0.23,0.94,0.21,0.43
"griot",0.45,0.55,0.11,0.63
"groove metal",0.41,0.9,0.24,0.5
"groove room",0.73,0.78,0.1,0.48
"grunge",0.43,0.76,0.2,0.51
"grunge pop",0.54,0.89,0.22,0.51
"grupera",0.66,0.6,0.16,0.51
"gruperas inmortales",0.68,0.65,0.15,0.47
"guadalajara indie",0.8,0.7,0.08,0.41
"guam indie",0.92,0.32,0.1,0.44
"guaracha",0.74,0.97,0.3,0.52
"guatemalan pop",0.59,0.67,0.11,0.59
"guidance",0.61,0.12,0.22,0.65
"guinean pop",0.47,0.54,0.13,0.43
"guitar case",0.61,0.77,0.09,0.42
"guitarra argentina",0.54,0.23,0.16,0.41
"guitarra portuguesa",0.54,0.28,0.23,0.47
"guzheng",0.21,0.16,0.1,0.39
"gymcore",0.47,0.9,0.18,0.53
"gypsy",0.6,0.26,0.31,0.29
"gypsy jazz",0.66,0.33,0.13,0.51
"gypsy punk",0.55,0.5,0.21,0.42
"haitian traditional",0.55,0.23,0.27,0.46
"halifax indie",0.47,0.9,0.1,0.91
"halloween",0.66,0.56,0.25,0.56
"hamburg electronic",0.72,0.81,0.12,0.49
"hammered dulcimer",0.32,0.07,0.33,0.62
"hammond organ",0.62,0.62,0.17,0.41
"hands up",0.71,0.84,0.1,0.65
"hangpan",0.64,0.13,0.1,0.43
"happy hardcore",0.59,0.89,0.25,0.66
"hard alternative",0.46,0.88,0.19,0.57
"hard bop",0.52,0.33,0.2,0.44
"hard rock",0.47,0.74,0.24,0.51
"hard rock brasileiro",0.56,0.77,0.23,0.5
"hardcore",0.39,0.89,0.28,0.48
"hardcore hip hop",0.74,0.69,0.22,0.4
"hardcore punk",0.4,0.87,0.25,0.5
"hardcore techno",0.62,0.81,0.15,0.54
"hardstyle",0.45,0.8,0.63,0.41
"hardvapour",0.6,0.85,0.12,0.36
"harlem hip hop",0.76,0.68,0.23,0.39
"harmonica blues",0.57,0.4,0.22,0.48
"harmonica jazz",0.58,0.25,0.17,0.38
"harp",0.37,0.18,0.15,0.39
"harpsichord",0.36,0.17,0.15,0.42
"hauntology",0.27,0.18,0.09,0.34
"hawaiian",0.56,0.38,0.18,0.46
"hawaiian hip hop",0.68,0.64,0.11,0.35
"hawaiian indie",0.64,0.65,0.11,0.46
"healing",0.27,0.18,0.13,0.36
"heartland rock",0.55,0.65,0.23,0.51
"heavy alternative",0.39,0.87,0.1,0.73
"hi-nrg",0.7,0.7,0.19,0.52
"highlife",0.63,0.62,0.16,0.44
"hindustani classical",0.48,0.3,0.21,0.4
"hindustani instrumental",0.49,0.25,0.25,0.39
"hindustani vocal",0.51,0.25,0.19,0.33
"hip hop",0.72,0.66,0.21,0.43
"hip hop cubano",0.65,0.78,0.32,0.71
"hip house",0.74,0.77,0.19,0.48
"hip pop",0.7,0.65,0.18,0.45
"histoire pour enfants",0.47,0.05,0.32,0.48
"historic classical performance",0.36,0.16,0.18,0.35
"historic orchestral performance",0.29,0.19,0.21,0.36
"historic piano performance",0.36,0.11,0.19,0.31
"historic string quartet",0.35,0.14,0.17,0.5
"historical keyboard",0.29,0.06,0.12,0.37
"historically informed performance",0.4,0.22,0.15,0.41
"hmong pop",0.8,0.74,0.07,0.47
"hoerspiel",0.68,0.24,0.35,0.36
"hokkien pop",0.47,0.51,0.5,0.3
"hollywood",0.52,0.48,0.19,0.48
"hong kong hip hop",0.62,0.56,0.35,0.62
"hong kong indie",0.72,0.53,0.12,0.44
"hong kong rock",0.72,0.53,0.12,0.44
"honky tonk",0.59,0.45,0.17,0.49
"honky-tonk piano",0.5,0.23,0.16,0.52
"hopebeat",0.58,0.75,0.16,0.5
"horror punk",0.39,0.86,0.21,0.55
"horror synth",0.39,0.47,0.14,0.55
"horrorcore",0.72,0.73,0.37,0.47
"house",0.67,0.74,0.2,0.49
"houston rap",0.77,0.63,0.21,0.54
"huapango",0.77,0.7,0.17,0.45
"huayno",0.59,0.78,0.14,0.51
"hula",0.66,0.21,0.18,0.47
"hungarian contemporary classical",0.46,0.03,0.1,0.21
"hurdy-gurdy",0.51,0.54,0.19,0.38
"hyperpop",0.67,0.61,0.22,0.44
"hyphy",0.8,0.64,0.18,0.37
"icelandic classical",0.38,0.11,0.13,0.42
"icelandic electronic",0.8,0.41,0.11,0.48
"icelandic experimental",0.45,0.29,0.16,0.43
"icelandic folk",0.55,0.3,0.31,0.43
"icelandic indie",0.42,0.33,0.12,0.36
"icelandic pop",0.46,0.38,0.27,0.46
"icelandic rock",0.34,0.48,0.14,0.48
"idaho indie",0.41,0.58,0.16,0.37
"idol",0.48,0.59,0.18,0.51
"idol rock",0.47,0.96,0.16,0.61
"ilahiler",0.5,0.49,0.2,0.51
"ilocano pop",0.65,0.16,0.18,0.51
"impressionism",0.31,0.13,0.16,0.35
"indian classical",0.51,0.33,0.21,0.4
"indian edm",0.66,0.81,0.09,0.52
"indian folk",0.53,0.42,0.21,0.41
"indian indie",0.58,0.46,0.21,0.34
"indian jazz",0.6,0.3,0.23,0.37
"indian violin",0.48,0.72,0.12,0.32
"indie anthem-folk",0.52,0.4,0.14,0.45
"indie cafe pop",0.56,0.41,0.13,0.45
"indie dream pop",0.53,0.53,0.12,0.52
"indie electropop",0.66,0.64,0.2,0.46
"indie emo",0.67,0.64,0.2,0.45
"indie folk",0.54,0.47,0.16,0.48
"indie game soundtrack",0.41,0.38,0.11,0.42
"indie garage rock",0.52,0.66,0.19,0.51
"indie jazz",0.65,0.48,0.16,0.45
"indie pop",0.56,0.63,0.18,0.49
"indie pop rap",0.68,0.68,0.2,0.46
"indie poptimism",0.61,0.68,0.17,0.48
"indie psych-pop",0.52,0.53,0.11,0.59
"indie punk",0.45,0.75,0.21,0.51
"indie quebecois",0.46,0.62,0.12,0.42
"indie r&b",0.66,0.51,0.19,0.44
"indie rock",0.52,0.66,0.19,0.5
"indie rockism",0.57,0.84,0.21,0.46
"indie shoegaze",0.55,0.54,0.29,0.57
"indie singer-songwriter",0.56,0.54,0.11,0.45
"indie soul",0.66,0.54,0.2,0.44
"indie surf",0.51,0.77,0.19,0.53
"indie triste",0.83,0.16,0.36,0.39
"indiecoustica",0.53,0.5,0.15,0.47
"indietronica",0.62,0.66,0.18,0.48
"indonesian alternative rock",0.66,0.54,0.11,0.51
"indonesian hip hop",0.71,0.57,0.19,0.37
"indonesian indie",0.49,0.39,0.16,0.48
"indonesian pop",0.51,0.42,0.21,0.56
"indonesian r&b",0.68,0.45,0.13,0.56
"indonesian worship",0.12,0.07,0.09,0.21
"indorock",0.69,0.38,0.21,0.53
"industrial",0.54,0.7,0.25,0.5
"industrial hip hop",0.67,0.75,0.37,0.41
"industrial metal",0.53,0.85,0.24,0.49
"industrial rock",0.54,0.79,0.26,0.51
"indy indie",0.47,0.48,0.16,0.47
"instrumental acoustic guitar",0.39,0.38,0.11,0.49
"instrumental bluegrass",0.49,0.46,0.19,0.49
"instrumental funk",0.67,0.63,0.18,0.42
"instrumental grime",0.75,0.72,0.13,0.44
"instrumental math rock",0.43,0.66,0.12,0.92
"instrumental post-rock",0.38,0.5,0.16,0.43
"instrumental progressive metal",0.44,0.7,0.1,0.64
"instrumental rock",0.45,0.75,0.22,0.52
"instrumental soul",0.6,0.52,0.13,0.46
"instrumental stoner rock",0.39,0.72,0.13,0.55
"instrumental surf",0.46,0.77,0.25,0.69
"intelligent dance music",0.54,0.54,0.15,0.46
"inuit traditional",0.45,0.1,0.07,0.18
"iowa indie",0.69,0.25,0.11,0.23
"iraqi pop",0.22,0.73,0.63,0.24
"irish accordion",0.56,0.67,0.55,0.39
"irish ballad",0.44,0.17,0.11,0.45
"irish banjo",0.48,0.6,0.69,0.53
"irish classical",0.4,0.24,0.25,0.38
"irish country",0.48,0.51,0.21,0.54
"irish dance",0.3,0.55,0.07,0.5
"irish electronic",0.83,0.42,0.09,0.32
"irish fiddle",0.66,0.52,0.2,0.44
"irish folk",0.55,0.45,0.28,0.47
"irish hip hop",0.74,0.56,0.16,0.56
"irish indie",0.52,0.09,0.1,0.45
"irish metal",0.4,0.85,0.14,0.57
"irish pop",0.56,0.58,0.1,0.52
"irish pub song",0.62,0.46,0.31,0.42
"irish rock",0.5,0.59,0.2,0.53
"irish singer-songwriter",0.52,0.28,0.13,0.47
"islamic recitation",0.56,0.3,0.22,0.27
"isle of wight indie",0.53,0.62,0.14,0.36
"israeli classical",0.26,0.28,0.16,0.4
"israeli folk",0.47,0.03,0.11,0.45
"israeli hip hop",0.72,0.62,0.29,0.37
"israeli mediterranean",0.42,0.8,0.19,0.83
"israeli pop",0.62,0.54,0.16,0.47
"israeli rock",0.58,0.43,0.11,0.43
"israeli singer-songwriter",0.54,0.45,0.13,0.47
"italian arena pop",0.61,0.68,0.22,0.44
"italian baritone",0.35,0.24,0.24,0.37
"italian baroque",0.32,0.16,0.17,0.33
"italian bass",0.37,0.19,0.23,0.37
"italian contemporary jazz",0.35,0.39,0.15,0.55
"italian disco",0.71,0.66,0.18,0.48
"italian gothic",0.47,0.78,0.15,0.5
"italian gothic metal",0.47,0.78,0.15,0.5
"italian jazz",0.31,0.1,0.13,0.3
"italian library music",0.64,0.41,0.12,0.44
"italian mandolin",0.54,0.21,0.1,0.57
"italian metal",0.47,0.78,0.15,0.5
"italian mezzo-soprano",0.38,0.18,0.26,0.37
"italian opera",0.31,0.2,0.23,0.3
"italian pop",0.53,0.53,0.19,0.49
"italian pop rock",0.67,0.37,0.24,0.43
"italian power metal",0.42,0.92,0.27,0.32
"italian progressive rock",0.43,0.54,0.12,0.49
"italian renaissance",0.23,0.12,0.14,0.36
"italian soprano",0.36,0.18,0.23,0.39
"italian soundtrack",0.29,0.31,0.14,0.39
"italian techno",0.72,0.66,0.14,0.51
"italian tenor",0.36,0.25,0.24,0.36
"italo dance",0.74,0.91,0.27,0.56
"italo house",0.72,0.8,0.08,0.45
"j-acoustic",0.37,0.91,0.67,0.76
"j-ambient",0.38,0.37,0.09,0.45
"j-dance",0.4,0.67,0.07,0.17
"j-division",0.48,0.91,0.11,0.42
"j-idol",0.54,0.87,0.29,0.53
"j-metal",0.43,0.9,0.18,0.58
"j-pixie",0.58,0.85,0.13,0.6
"j-pop",0.52,0.82,0.23,0.54
"j-pop girl group",0.53,0.94,0.25,0.57
"j-poprock",0.52,0.87,0.19,0.55
"j-punk",0.46,0.84,0.32,0.62
"j-rap",0.7,0.78,0.08,0.53
"j-reggae",0.58,0.55,0.11,0.54
"j-rock",0.5,0.87,0.23,0.53
"jacksonville indie",0.49,0.66,0.24,0.58
"jam band",0.56,0.62,0.25,0.46
"jamgrass",0.58,0.59,0.25,0.49
"jamtronica",0.63,0.72,0.28,0.55
"jangle pop",0.46,0.7,0.21,0.56
"japanese alternative rock",0.53,0.84,0.18,0.38
"japanese chillhop",0.68,0.4,0.15,0.4
"japanese city pop",0.67,0.68,0.17,0.45
"japanese classical",0.43,0.44,0.2,0.46
"japanese classical performance",0.25,0.12,0.16,0.35
"japanese dream pop",0.62,0.71,0.16,0.39
"japanese electronic",0.38,0.37,0.09,0.45
"japanese electropop",0.66,0.81,0.24,0.56
"japanese emo",0.4,0.82,0.15,0.69
"japanese experimental",0.64,0.5,0.15,0.41
"japanese folk",0.63,0.65,0.17,0.51
"japanese garage rock",0.52,0.75,0.47,0.54
"japanese girl punk",0.52,0.91,0.41,0.79
"japanese heavy metal",0.41,0.77,0.15,0.62
"japanese idm",0.38,0.37,0.09,0.45
"japanese indie rock",0.53,0.98,0.19,0.6
"japanese instrumental",0.55,0.4,0.14,0.51
"japanese jazz",0.52,0.48,0.13,0.46
"japanese jazztronica",0.24,0.96,0.41,0.77
"japanese metalcore",0.31,0.96,0.31,0.63
"japanese new wave",0.6,0.62,0.28,0.45
"japanese pop punk",0.47,0.91,0.27,0.74
"japanese post-hardcore",0.27,0.99,0.2,0.87
"japanese power metal",0.36,0.9,0.16,0.69
"japanese psychedelic",0.45,0.68,0.14,0.63
"japanese punk rock",0.48,0.86,0.35,0.68
"japanese r&b",0.51,0.68,0.25,0.54
"japanese rockabilly",0.57,0.81,0.6,0.52
"japanese singer-songwriter",0.63,0.75,0.23,0.47
"japanese soundtrack",0.46,0.56,0.22,0.47
"japanese traditional",0.42,0.14,0.14,0.35
"japanese vgm",0.38,0.55,0.17,0.4
"japanese vocal jazz",0.61,0.76,0.06,0.49
"jawaiian",0.69,0.53,0.14,0.47
"jazz",0.51,0.32,0.19,0.43
"jazz accordion",0.48,0.2,0.15,0.41
"jazz blues",0.59,0.37,0.18,0.45
"jazz boom bap",0.75,0.55,0.15,0.34
"jazz brass",0.56,0.26,0.14,0.4
"jazz chileno",0.63,0.47,0.14,0.6
"jazz clarinet",0.49,0.34,0.24,0.48
"jazz colombiano",0.52,0.65,0.16,0.28
"jazz cubano",0.61,0.6,0.16,0.47
"jazz double bass",0.49,0.27,0.24,0.43
"jazz drums",0.49,0.36,0.17,0.43
"jazz flute",0.49,0.36,0.23,0.36
"jazz funk",0.58,0.51,0.16,0.43
"jazz fusion",0.49,0.42,0.18,0.43
"jazz guitar",0.52,0.34,0.15,0.44
"jazz harp",0.46,0.4,0.15,0.36
"jazz metal",0.42,0.94,0.28,0.58
"jazz mexicano",0.43,0.24,0.27,0.29
"jazz orchestra",0.58,0.45,0.15,0.51
"jazz organ",0.62,0.55,0.16,0.41
"jazz piano",0.53,0.33,0.17,0.42
"jazz quartet",0.54,0.3,0.21,0.45
"jazz rap",0.76,0.67,0.19,0.37
"jazz rock",0.42,0.6,0.27,0.48
"jazz saxophone",0.51,0.35,0.22,0.44
"jazz trio",0.5,0.24,0.19,0.42
"jazz trombone",0.57,0.34,0.22,0.41
"jazz trumpet",0.53,0.38,0.22,0.44
"jazz tuba",0.55,0.35,0.19,0.44
"jazz venezolano",0.62,0.51,0.07,0.42
"jazz vibraphone",0.53,0.34,0.17,0.49
"jazz violin",0.56,0.42,0.26,0.46
"jazztronica",0.64,0.6,0.17,0.39
"jewish cantorial",0.21,0.14,0.08,0.19
"jewish hip hop",0.69,0.74,0.13,0.32
"jig and reel",0.46,0.55,0.5,0.41
"jordanian pop",0.72,0.87,0.1,0.52
"joropo",0.63,0.6,0.05,0.43
"jovem guarda",0.55,0.54,0.2,0.44
"jug band",0.53,0.35,0.24,0.42
"juju",0.75,0.75,0.07,0.51
"jump blues",0.62,0.4,0.18,0.45
"jump up",0.26,0.85,0.2,0.8
"k-indie",0.54,0.56,0.12,0.43
"k-pop",0.68,0.76,0.19,0.47
"k-pop boy group",0.71,0.81,0.17,0.46
"k-pop girl group",0.73,0.84,0.2,0.5
"k-rap",0.65,0.68,0.23,0.44
"kabarett",0.64,0.11,0.24,0.37
"kabyle",0.72,0.21,0.08,0.43
"kaneka",0.78,0.57,0.09,0.36
"kannada bhava geethe",0.47,0.38,0.2,0.33
"karadeniz halk muzigi",0.28,0.54,0.07,0.31
"kashmiri pop",0.67,0.15,0.15,0.44
"kawaii future bass",0.63,0.67,0.28,0.58
"kawaii metal",0.62,0.98,0.11,0.42
"kayokyoku",0.54,0.47,0.25,0.43
"kc indie",0.36,0.56,0.17,0.6
"kent indie",0.44,0.46,0.18,0.55
"kentucky indie",0.5,0.39,0.28,0.5
"kentucky metal",0.73,0.84,0.06,0.78
"kentucky mountain folk",0.49,0.2,0.17,0.51
"keroncong",0.4,0.27,0.27,0.45
"khmer",0.47,0.7,0.24,0.46
"kids dance party",0.85,0.51,0.27,0.44
"kindermusik",0.71,0.48,0.33,0.22
"kindie rock",0.72,0.44,0.15,0.42
"kingston on indie",0.58,0.77,0.14,0.51
"kirtan",0.28,0.14,0.11,0.37
"kiwi rock",0.55,0.59,0.27,0.49
"kizomba",0.77,0.58,0.21,0.47
"kleine hoerspiel",0.71,0.22,0.23,0.5
"klezmer",0.55,0.4,0.23,0.51
"knoxville indie",0.5,0.76,0.21,0.48
"kodomo no ongaku",0.34,0.11,0.13,0.36
"kolsche karneval",0.37,0.11,0.22,0.29
"komedi",0.26,0.22,0.13,0.34
"kompa",0.69,0.6,0.12,0.28
"kora",0.36,0.31,0.13,0.81
"korean classical performance",0.31,0.14,0.15,0.29
"korean indie rock",0.58,0.84,0.09,0.58
"korean ost",0.56,0.74,0.06,0.64
"korean pop",0.6,0.61,0.12,0.49
"korean r&b",0.62,0.59,0.13,0.44
"korean trap",0.73,0.7,0.2,0.53
"koto",0.5,0.12,0.09,0.37
"krautrock",0.42,0.42,0.16,0.53
"kundiman",0.53,0.23,0.15,0.52
"kwaito house",0.78,0.72,0.1,0.49
"la indie",0.57,0.65,0.14,0.51
"la pop",0.56,0.68,0.24,0.47
"laboratorio",0.42,0.29,0.18,0.37
"lafayette indie",0.75,0.62,0.22,0.36
"laiko",0.57,0.46,0.18,0.46
"lancaster pa indie",0.47,0.51,0.14,0.59
"language",0.5,0.07,0.19,0.6
"late romantic era",0.32,0.18,0.19,0.36
"latin",0.69,0.67,0.19,0.5
"latin afrobeat",0.65,0.64,0.21,0.43
"latin alternative",0.62,0.67,0.2,0.5
"latin arena pop",0.61,0.62,0.2,0.52
"latin christian",0.5,0.53,0.31,0.49
"latin classical",0.49,0.31,0.13,0.45
"latin funk",0.6,0.6,0.2,0.46
"latin hip hop",0.75,0.71,0.21,0.44
"latin house",0.76,0.85,0.12,0.51
"latin jazz",0.63,0.59,0.17,0.44
"latin metal",0.46,0.79,0.18,0.56
"latin pop",0.62,0.62,0.18,0.49
"latin rock",0.61,0.67,0.19,0.49
"latin ska",0.57,0.89,0.06,0.62
"latin soundtrack",0.44,0.45,0.12,0.45
"latin talent show",0.65,0.75,0.34,0.48
"latin viral pop",0.69,0.69,0.16,0.52
"latin worship",0.47,0.54,0.32,0.52
"latincore",0.57,0.73,0.16,0.36
"latino comedy",0.56,0.77,0.46,0.38
"latintronica",0.69,0.71,0.24,0.35
"lds",0.29,0.19,0.14,0.44
"lds youth",0.46,0.4,0.18,0.45
"lebanese pop",0.52,0.44,0.2,0.47
"leicester indie",0.48,0.82,0.28,0.43
"levenslied",0.62,0.4,0.16,0.84
"lexington ky indie",0.54,0.69,0.11,0.41
"lgbtq+ hip hop",0.68,0.6,0.18,0.46
"library music",0.46,0.35,0.14,0.46
"liedermacher",0.41,0.41,0.26,0.64
"light music",0.27,0.25,0.22,0.45
"lilith",0.54,0.5,0.17,0.49
"liquid funk",0.55,0.71,0.23,0.57
"lithuanian folk",0.34,0.12,0.63,0.39
"liverpool indie",0.43,0.92,0.27,0.65
"livetronica",0.66,0.63,0.22,0.46
"lldm",0.58,0.09,0.14,0.32
"lo star",0.55,0.79,0.16,0.52
"lo-fi",0.48,0.64,0.2,0.5
"lo-fi beats",0.69,0.35,0.16,0.38
"lo-fi chill",0.59,0.47,0.22,0.33
"lo-fi house",0.76,0.28,0.17,0.26
"london rap",0.72,0.56,0.13,0.42
"louisiana blues",0.63,0.5,0.18,0.46
"louisiana metal",0.34,0.85,0.21,0.49
"louisville indie",0.45,0.61,0.13,0.61
"lounge",0.46,0.35,0.2,0.44
"louvor",0.42,0.36,0.21,0.4
"lovers rock",0.73,0.56,0.15,0.46
"luk thung",0.45,0.71,0.25,0.59
"lullaby",0.5,0.11,0.14,0.37
"lund indie",0.43,0.42,0.18,0.53
"lute",0.33,0.2,0.09,0.47
"madchester",0.54,0.77,0.22,0.48
"magyar",0.6,0.25,0.21,0.32
"magyar alternative",0.6,0.25,0.21,0.32
"maine indie",0.52,0.33,0.14,0.53
"mainland chinese pop",0.54,0.46,0.14,0.48
"makossa",0.7,0.6,0.09,0.47
"malaysian indie",0.43,0.4,0.11,0.29
"malaysian mandopop",0.5,0.48,0.14,0.44
"malaysian pop",0.51,0.62,0.16,0.62
"malian blues",0.52,0.34,0.16,0.51
"mallet",0.32,0.24,0.11,0.32
"malmo indie",0.61,0.74,0.23,0.38
"mambo",0.6,0.58,0.17,0.47
"manchester hip hop",0.77,0.69,0.2,0.58
"manchester indie",0.4,0.92,0.08,0.59
"mande pop",0.54,0.39,0.17,0.51
"mandolin",0.55,0.45,0.19,0.51
"mandopop",0.55,0.47,0.18,0.49
"mangue bit",0.65,0.62,0.18,0.42
"manila sound",0.49,0.35,0.17,0.46
"manitoba indie",0.47,0.43,0.15,0.56
"mantra",0.52,0.35,0.21,0.4
"marathi pop",0.61,0.4,0.15,0.34
"marching band",0.46,0.44,0.19,0.47
"mariachi",0.53,0.36,0.22,0.5
"mariachi cristiano",0.58,0.48,0.21,0.57
"marimba orquesta",0.69,0.66,0.21,0.66
"martial industrial",0.38,0.55,0.23,0.41
"mashup",0.63,0.85,0.17,0.36
"math rock",0.51,0.52,0.16,0.48
"mathcore",0.3,0.97,0.23,0.73
"mbalax",0.49,0.48,0.18,0.61
"medieval",0.53,0,0.11,0.25
"medieval folk",0.43,0.42,0.16,0.38
"medieval rock",0.47,0.8,0.12,0.54
"meditation",0.27,0.19,0.12,0.34
"melancholia",0.5,0.45,0.16,0.48
"melbourne bounce",0.71,0.81,0.27,0.48
"melbourne bounce international",0.73,0.75,0.22,0.51
"melbourne indie",0.44,0.74,0.12,0.45
"mellow gold",0.56,0.56,0.2,0.47
"melodic death metal",0.4,0.9,0.22,0.52
"melodic deathcore",0.45,0.95,0.17,0.49
"melodic dubstep",0.52,0.74,0.18,0.55
"melodic groove metal",0.37,0.95,0.17,0.6
"melodic hard rock",0.48,0.74,0.24,0.5
"melodic hardcore",0.42,0.89,0.25,0.54
"melodic metal",0.44,0.81,0.23,0.57
"melodic metalcore",0.42,0.89,0.23,0.53
"melodic rap",0.73,0.61,0.16,0.51
"melodic thrash",0.35,0.95,0.18,0.63
"meme rap",0.78,0.59,0.18,0.49
"memphis americana",0.6,0.61,0.1,0.4
"memphis blues",0.6,0.44,0.15,0.47
"memphis hip hop",0.79,0.74,0.18,0.53
"memphis soul",0.58,0.45,0.19,0.5
"mento",0.69,0.51,0.23,0.38
"merengue",0.7,0.71,0.15,0.56
"merengue tipico",0.63,0.74,0.11,0.65
"merseybeat",0.54,0.57,0.19,0.49
"messianic praise",0.33,0.26,0.45,0.52
"metal",0.38,0.85,0.23,0.52
"metal guitar",0.39,0.8,0.22,0.52
"metalcore",0.42,0.88,0.21,0.53
"metropopolis",0.59,0.68,0.17,0.51
"mexican classic rock",0.54,0.56,0.17,0.5
"mexican classical",0.46,0.06,0.12,0.34
"mexican electronic",0.88,0.68,0.17,0.48
"mexican hip hop",0.77,0.67,0.16,0.4
"mexican indie",0.65,0.63,0.22,0.49
"mexican pop",0.64,0.61,0.19,0.52
"mexican pop punk",0.57,0.73,0.16,0.36
"mexican rock",0.59,0.73,0.2,0.56
"mexican rock-and-roll",0.52,0.47,0.19,0.45
"mexican son",0.38,0.63,0.29,0.43
"mexican traditional",0.72,0.5,0.15,0.61
"miami bass",0.81,0.62,0.19,0.53
"miami hip hop",0.73,0.68,0.24,0.49
"miami indie",0.4,0.72,0.15,0.27
"miami metal",0.54,0.87,0.22,0.35
"michigan indie",0.53,0.78,0.14,0.42
"microhouse",0.53,0.46,0.14,0.45
"microtonal",0.26,0.38,0.14,0.54
"middle earth",0.22,0.09,0.11,0.31
"middle eastern traditional",0.27,0.56,0.45,0.27
"midwest americana",0.44,0.58,0.22,0.44
"midwest emo",0.46,0.74,0.19,0.54
"military cadence",0.54,0.3,0.23,0.43
"military rap",0.71,0.56,0.25,0.54
"milwaukee indie",0.69,0.54,0.12,0.34
"mindfulness",0.22,0.83,0.83,0.21
"minecraft",0.58,0.53,0.12,0.46
"minimal tech house",0.65,0.59,0.3,0.5
"minimal techno",0.63,0.44,0.15,0.48
"minimal wave",0.64,0.72,0.31,0.54
"minimalism",0.32,0.19,0.12,0.36
"minneapolis indie",0.61,0.64,0.17,0.53
"minneapolis punk",0.33,0.93,0.29,0.68
"minneapolis sound",0.71,0.58,0.17,0.48
"minnesota hip hop",0.72,0.67,0.18,0.44
"mississippi indie",0.61,0.56,0.14,0.45
"mizrahi",0.24,0.55,0.1,0.3
"mluvene slovo",0.49,0.59,0.13,0.63
"mod revival",0.44,0.75,0.26,0.65
"modern alternative rock",0.56,0.75,0.19,0.49
"modern big band",0.47,0.64,0.26,0.5
"modern blues",0.54,0.58,0.22,0.48
"modern blues rock",0.51,0.69,0.22,0.47
"modern bollywood",0.63,0.53,0.17,0.4
"modern country rock",0.57,0.7,0.19,0.49
"modern dream pop",0.53,0.63,0.14,0.49
"modern folk rock",0.57,0.57,0.17,0.49
"modern free jazz",0.31,0.31,0.19,0.45
"modern funk",0.68,0.66,0.16,0.45
"modern hard rock",0.53,0.74,0.21,0.43
"modern jangle pop",0.79,0.48,0.33,0.53
"modern jazz piano",0.48,0.19,0.17,0.31
"modern jazz trio",0.48,0.32,0.15,0.48
"modern old-time",0.6,0.66,0.29,0.45
"modern performance",0.32,0.2,0.13,0.47
"modern power pop",0.48,0.78,0.25,0.51
"modern psychedelic folk",0.8,0.75,0.06,0.49
"modern reggae",0.7,0.59,0.17,0.48
"modern rock",0.54,0.72,0.19,0.51
"modern salsa",0.65,0.68,0.16,0.42
"modern samba",0.71,0.43,0.1,0.54
"modern ska punk",0.54,0.82,0.23,0.52
"modern southern rock",0.55,0.71,0.18,0.47
"modern string quartet",0.36,0.63,0.17,0.63
"modern swing",0.61,0.54,0.38,0.47
"modern uplift",0.52,0.86,0.15,0.64
"modular synth",0.27,0.23,0.42,0.5
"moldovan pop",0.78,0.88,0.07,0.53
"mollywood",0.62,0.24,0.15,0.38
"monastic",0.26,0.19,0.16,0.38
"mongolian pop",0.56,0.97,0.28,0.77
"monterrey indie",0.51,0.61,0.09,0.36
"montreal indie",0.72,0.55,0.25,0.32
"moog",0.47,0.4,0.14,0.5
"moombahton",0.67,0.82,0.22,0.49
"moravian folk",0.36,0.25,0.56,0.82
"morna",0.62,0.46,0.15,0.41
"moroccan pop",0.66,0.73,0.13,0.34
"motivation",0.64,0.29,0.2,0.33
"motown",0.6,0.54,0.19,0.46
"mountain dulcimer",0.4,0.09,0.24,0.41
"movie tunes",0.48,0.37,0.21,0.43
"mpb",0.57,0.52,0.19,0.47
"music box",0.75,0.64,0.1,0.4
"music hall",0.69,0.37,0.3,0.44
"musica afroperuana",0.69,0.8,0.1,0.61
"musica antigua",0.52,0.13,0.13,0.35
"musica aragonesa",0.5,0.83,0.19,0.57
"musica ayacuchana",0.59,0.78,0.14,0.51
"musica canaria",0.79,0.63,0.08,0.4
"musica de fondo",0.16,0.11,0.1,0.18
"musica infantil",0.71,0.77,0.23,0.58
"musica infantil catala",0.6,0.83,0.06,0.62
"musica jibara",0.61,0.47,0.14,0.51
"musica llanera",0.62,0.43,0.11,0.5
"musica nativista",0.64,0.42,0.16,0.28
"musica para ninos",0.44,0.28,0.16,0.25
"musica piemonteisa",0.45,0.4,0.21,0.69
"musica popular paraense",0.54,0.5,0.23,0.54
"musica potosina",0.71,0.69,0.12,0.36
"musica prehispanica",0.59,0.36,0.36,0.47
"musica sarda",0.59,0.32,0.09,0.54
"musical advocacy",0.56,0.54,0.09,0.33
"musikkorps",0.64,0.62,0.25,0.45
"musique concrete",0.48,0.28,0.46,0.38
"musique guadeloupe",0.78,0.66,0.04,0.36
"musique peule",0.48,0.7,0.09,0.65
"musique pour enfant quebecois",0.78,0.34,0.08,0.56
"musique pour enfants",0.47,0.05,0.32,0.48
"musique touareg",0.54,0.36,0.12,0.32
"muzica populara",0.48,0.31,0.21,0.37
"muziek voor kinderen",0.75,0.23,0.19,0.35
"muzika l'yeladim",0.68,0.19,0.12,0.44
"naija worship",0.38,0.63,0.48,0.4
"narodna muzika",0.57,0.6,0.24,0.43
"nashville americana",0.56,0.43,0.19,0.46
"nashville indie",0.54,0.66,0.2,0.53
"nashville singer-songwriter",0.52,0.43,0.17,0.42
"nashville sound",0.55,0.4,0.17,0.45
"native american",0.41,0.28,0.14,0.37
"native american flute",0.3,0.13,0.15,0.33
"native american hip hop",0.65,0.72,0.16,0.39
"navajo",0.46,0.24,0.2,0.51
"nc hip hop",0.68,0.62,0.23,0.41
"nederpop",0.51,0.59,0.16,0.51
"neo classical metal",0.42,0.83,0.25,0.56
"neo kyma",0.44,0.37,0.1,0.57
"neo mellow",0.54,0.56,0.16,0.48
"neo r&b",0.65,0.5,0.17,0.38
"neo soul",0.65,0.55,0.16,0.45
"neo-classical",0.38,0.19,0.12,0.39
"neo-pagan",0.46,0.34,0.1,0.33
"neo-progressive",0.3,0.45,0.12,0.46
"neo-psychedelic",0.49,0.65,0.18,0.48
"neo-rockabilly",0.6,0.85,0.32,0.51
"neo-singer-songwriter",0.64,0.42,0.1,0.46
"neo-synthpop",0.59,0.74,0.17,0.52
"neo-trad metal",0.32,0.88,0.24,0.64
"neo-traditional bluegrass",0.57,0.48,0.22,0.6
"neo-traditional country",0.53,0.58,0.46,0.49
"neoclassical darkwave",0.41,0.39,0.13,0.37
"neoclassicism",0.34,0.2,0.15,0.42
"neofolk",0.38,0.55,0.23,0.41
"neon pop punk",0.54,0.8,0.2,0.53
"neotango",0.84,0.63,0.08,0.4
"nepali indie",0.61,0.34,0.19,0.26
"nepali pop",0.61,0.34,0.19,0.26
"nerdcore",0.53,0.73,0.19,0.35
"neue deutsche harte",0.55,0.82,0.29,0.49
"neue deutsche todeskunst",0.54,0.69,0.27,0.54
"neue deutsche welle",0.66,0.62,0.22,0.53
"neurofunk",0.48,0.99,0.07,0.59
"new age",0.35,0.24,0.15,0.42
"new age piano",0.39,0.22,0.15,0.44
"new americana",0.53,0.48,0.17,0.46
"new beat",0.73,0.82,0.16,0.51
"new comedy",0.6,0.6,0.67,0.38
"new england americana",0.52,0.33,0.34,0.42
"new french touch",0.67,0.66,0.2,0.45
"new isolationism",0.38,0.16,0.15,0.42
"new jack swing",0.68,0.55,0.16,0.45
"new jersey hardcore",0.4,0.89,0.22,0.61
"new jersey indie",0.52,0.67,0.18,0.46
"new jersey punk",0.41,0.92,0.24,0.62
"new jersey rap",0.72,0.67,0.17,0.45
"new mexico music",0.55,0.44,0.16,0.48
"new orleans blues",0.61,0.45,0.2,0.44
"new orleans funk",0.63,0.66,0.21,0.46
"new orleans indie",0.69,0.83,0.09,0.37
"new orleans jazz",0.56,0.43,0.22,0.52
"new orleans rap",0.75,0.69,0.21,0.52
"new rave",0.6,0.74,0.2,0.52
"new romantic",0.61,0.69,0.19,0.5
"new tribe",0.32,0.12,0.11,0.55
"new wave",0.59,0.7,0.19,0.51
"new wave of thrash metal",0.33,0.95,0.27,0.36
"new wave pop",0.6,0.64,0.18,0.49
"new weird america",0.56,0.43,0.2,0.39
"new york drill",0.77,0.58,0.16,0.53
"newcastle indie",0.38,0.95,0.09,0.75
"nica",0.5,0.32,0.16,0.51
"nigerian hip hop",0.54,0.69,0.18,0.56
"nigerian pop",0.66,0.71,0.16,0.5
"nightcore",0.61,0.82,0.17,0.77
"nightrun",0.56,0.8,0.18,0.44
"ninja",0.63,0.56,0.15,0.47
"nintendocore",0.48,0.91,0.23,0.56
"nisiotika",0.47,0.46,0.36,0.54
"nl folk",0.61,0.61,0.3,0.5
"no wave",0.54,0.63,0.12,0.55
"noise pop",0.44,0.73,0.2,0.54
"noise punk",0.4,0.85,0.28,0.54
"noise rock",0.44,0.75,0.24,0.46
"nordic contemporary classical",0.29,0.19,0.22,0.37
"nordic folk",0.43,0.46,0.26,0.41
"nordic house",0.68,0.73,0.17,0.45
"nordic post-rock",0.54,0.65,0.17,0.52
"nordic soundtrack",0.25,0.23,0.19,0.38
"norman ok indie",0.51,0.12,0.3,0.42
"norsk lovsang",0.47,0.64,0.11,0.73
"norteno",0.68,0.63,0.16,0.51
"norteno-sax",0.7,0.77,0.15,0.43
"north carolina emo",0.42,0.77,0.15,0.62
"north carolina indie",0.46,0.47,0.15,0.47
"north east england indie",0.29,0.93,0.07,0.78
"northern irish indie",0.55,0.8,0.17,0.58
"northern soul",0.6,0.55,0.2,0.47
"norwegian black metal",0.21,0.91,0.24,0.48
"norwegian choir",0.33,0.14,0.09,0.29
"norwegian classical",0.3,0.2,0.13,0.37
"norwegian contemporary jazz",0.33,0.14,0.1,0.26
"norwegian death metal",0.2,1,0.28,0.61
"norwegian experimental",0.33,0.14,0.1,0.26
"norwegian hip hop",0.72,0.76,0.06,0.53
"norwegian indie",0.54,0.57,0.16,0.57
"norwegian jazz",0.39,0.27,0.11,0.43
"norwegian metal",0.22,0.9,0.27,0.48
"norwegian pop",0.59,0.64,0.19,0.49
"norwegian pop rap",0.43,0.61,0.17,0.77
"norwegian punk rock",0.28,0.98,0.09,0.85
"norwegian rock",0.34,0.8,0.11,0.69
"norwegian singer-songwriter",0.52,0.67,0.2,0.56
"norwegian space disco",0.81,0.78,0.47,0.49
"nottingham indie",0.52,0.48,0.12,0.48
"nouvelle chanson francaise",0.71,0.58,0.15,0.49
"nova canco",0.47,0.51,0.27,0.46
"nova mpb",0.64,0.45,0.14,0.48
"novelty",0.63,0.53,0.27,0.49
"nu age",0.35,0.13,0.11,0.59
"nu disco",0.74,0.69,0.2,0.45
"nu gaze",0.46,0.68,0.19,0.5
"nu jazz",0.66,0.59,0.16,0.45
"nu metal",0.48,0.85,0.21,0.51
"nu skool breaks",0.62,0.83,0.37,0.45
"nu-cumbia",0.66,0.68,0.2,0.44
"nu-metalcore",0.47,0.92,0.2,0.56
"nubian traditional",0.63,0.2,0.09,0.31
"nueva cancion",0.55,0.39,0.19,0.46
"nueva ola chilena",0.57,0.5,0.17,0.51
"nueva ola peruana",0.47,0.68,0.15,0.5
"nuevo tango",0.46,0.4,0.19,0.51
"nursery",0.67,0.34,0.13,0.51
"nwobhm",0.37,0.87,0.3,0.55
"nwothm",0.24,0.87,0.28,0.63
"ny roots",0.68,0.59,0.12,0.43
"nyc pop",0.65,0.62,0.15,0.42
"nyc rap",0.69,0.63,0.2,0.46
"nyhc",0.41,0.87,0.32,0.48
"nz folk",0.52,0.49,0.16,0.36
"nz hardcore",0.55,0.94,0.42,0.6
"nz hip hop",0.8,0.6,0.07,0.43
"nz indie",0.61,0.65,0.29,0.56
"nz pop",0.63,0.6,0.16,0.51
"nz punk",0.55,0.94,0.42,0.6
"nz reggae",0.68,0.52,0.15,0.46
"nz singer-songwriter",0.56,0.43,0.13,0.34
"oakland indie",0.62,0.64,0.16,0.4
"oceania soundtrack",0.2,0.15,0.12,0.39
"ohio indie",0.43,0.74,0.21,0.44
"oi",0.4,0.88,0.24,0.62
"okc indie",0.42,0.46,0.22,0.61
"okinawan pop",0.48,0.92,0.28,0.5
"oklahoma country",0.57,0.49,0.19,0.47
"old school dancehall",0.78,0.6,0.16,0.47
"old school hip hop",0.81,0.68,0.22,0.43
"old school thrash",0.32,0.91,0.19,0.52
"old school uk hip hop",0.67,0.82,0.18,0.54
"old west",0.31,0.59,0.25,0.63
"old-time",0.54,0.41,0.22,0.51
"old-time fiddle",0.29,0.15,0.13,0.26
"olympia wa indie",0.52,0.66,0.15,0.5
"omaha indie",0.41,0.78,0.31,0.51
"one-person band",0.58,0.67,0.28,0.43
"ontario indie",0.63,0.64,0.16,0.46
"opera",0.31,0.18,0.24,0.38
"opera chorus",0.32,0.26,0.25,0.4
"opera metal",0.33,0.84,0.14,0.45
"operatic pop",0.32,0.28,0.17,0.42
"operetta",0.36,0.27,0.21,0.39
"opm",0.51,0.45,0.2,0.49
"oratory",0.61,0.34,0.41,0.34
"orchestra",0.28,0.17,0.18,0.38
"orchestral performance",0.27,0.17,0.17,0.37
"orebro indie",0.2,0.76,0.16,0.49
"orgcore",0.36,0.92,0.29,0.63
"oriental classical",0.2,0.38,0.15,0.25
"orlando indie",0.77,0.57,0.1,0.35
"orquesta cubana",0.8,0.5,0.08,0.51
"orquesta tipica",0.6,0.33,0.32,0.58
"orthodox chant",0.29,0.25,0.11,0.42
"otacore",0.55,0.72,0.2,0.52
"oth indie",0.67,0.91,0.21,0.42
"ottawa indie",0.77,0.59,0.34,0.48
"ottawa rap",0.68,0.64,0.15,0.51
"oud",0.49,0.25,0.35,0.32
"outlaw country",0.59,0.5,0.19,0.44
"outsider",0.52,0.47,0.16,0.49
"outsider house",0.62,0.47,0.11,0.46
"oxford choir",0.08,0.09,0.29,0.27
"oxford indie",0.56,0.7,0.19,0.41
"p funk",0.68,0.68,0.22,0.5
"pagan black metal",0.26,0.81,0.3,0.46
"pagode",0.61,0.59,0.21,0.43
"pagode baiano",0.88,0.73,0.1,0.65
"paisley underground",0.5,0.72,0.24,0.48
"pakistani folk",0.64,0.36,0.11,0.43
"pakistani hip hop",0.72,0.64,0.17,0.6
"pakistani indie",0.46,0.17,0.37,0.41
"pakistani pop",0.51,0.36,0.2,0.4
"palestinian pop",0.37,0.43,0.32,0.43
"palm desert scene",0.47,0.71,0.21,0.55
"panamanian pop",0.76,0.76,0.24,0.46
"panamanian rock",0.64,0.94,0.31,0.77
"panpipe",0.37,0.27,0.11,0.28
"papuri",0.38,0.49,0.29,0.52
"parody",0.6,0.7,0.21,0.54
"partido alto",0.59,0.53,0.16,0.29
"permanent wave",0.52,0.66,0.2,0.5
"pernambuco alternative",0.7,0.64,0.16,0.4
"perreo",0.72,0.73,0.19,0.52
"persian pop",0.65,0.44,0.2,0.46
"persian traditional",0.57,0.42,0.16,0.5
"perth indie",0.54,0.84,0.22,0.61
"peruvian hip hop",0.6,0.74,0.32,0.37
"peruvian rock",0.58,0.73,0.18,0.55
"pet calming",0.84,0.59,0.43,0.34
"philly indie",0.48,0.75,0.18,0.51
"philly rap",0.73,0.75,0.25,0.41
"philly soul",0.57,0.58,0.22,0.48
"phonk",0.77,0.65,0.18,0.45
"pianissimo",0.69,0.52,0.07,0.31
"piano blues",0.6,0.39,0.18,0.46
"piano cover",0.51,0.13,0.11,0.58
"piano mpb",0.43,0.59,0.15,0.49
"piano rock",0.52,0.58,0.18,0.52
"pibroch",0.32,0.07,0.33,0.62
"piedmont blues",0.61,0.37,0.18,0.42
"pinoy alternative rap",0.66,0.49,0.1,0.44
"pinoy hip hop",0.67,0.7,0.24,0.5
"pinoy indie",0.51,0.62,0.19,0.58
"pinoy pop punk",0.6,0.76,0.11,0.48
"pinoy praise",0.45,0.29,0.11,0.42
"pinoy r&b",0.54,0.68,0.27,0.36
"pinoy reggae",0.55,0.49,0.15,0.59
"pinoy rock",0.51,0.53,0.18,0.51
"pinoy traditional",0.52,0.6,0.19,0.55
"pinoy trap",0.66,0.49,0.1,0.44
"pirate",0.49,0.84,0.29,0.55
"pittsburgh indie",0.71,0.52,0.3,0.43
"pittsburgh rap",0.71,0.68,0.21,0.48
"pittsburgh rock",0.44,0.71,0.18,0.59
"pixie",0.51,0.83,0.23,0.56
"plunderphonics",0.65,0.77,0.39,0.46
"poetry",0.63,0.12,0.2,0.33
"polca paraguaya",0.36,0.04,0.09,0.37
"polish blues",0.81,0.36,0.11,0.48
"polish classical",0.35,0.27,0.21,0.4
"polish contemporary classical",0.09,0.1,0.15,0.25
"polish jazz",0.41,0.44,0.44,0.34
"polish modern jazz",0.31,0.1,0.13,0.3
"polish pop",0.59,0.34,0.11,0.47
"polish post-rock",0.55,0.89,0.19,0.62
"polish rock",0.81,0.36,0.11,0.48
"polka",0.62,0.39,0.23,0.43
"polynesian hip hop",0.63,0.92,0.14,0.34
"polynesian pop",0.72,0.55,0.11,0.42
"polynesian traditional",0.88,0.55,0.35,0.51
"polyphony",0.17,0.1,0.24,0.29
"pony",0.68,0.56,0.14,0.44
"pop",0.63,0.62,0.17,0.48
"pop argentino",0.7,0.7,0.27,0.4
"pop catracho",0.88,0.64,0.16,0.52
"pop chileno",0.46,0.49,0.16,0.58
"pop edm",0.61,0.75,0.18,0.51
"pop emo",0.52,0.82,0.22,0.54
"pop folk",0.45,0.32,0.09,0.51
"pop house",0.62,0.81,0.31,0.54
"pop nacional",0.73,0.62,0.12,0.49
"pop peruano",0.62,0.82,0.17,0.6
"pop punk",0.5,0.81,0.21,0.55
"pop quebecois",0.55,0.43,0.09,0.52
"pop rap",0.7,0.66,0.19,0.46
"pop reggaeton",0.69,0.7,0.17,0.45
"pop rock",0.55,0.66,0.17,0.49
"pop romantico",0.52,0.51,0.22,0.42
"pop urbaine",0.77,0.75,0.16,0.52
"pop violin",0.43,0.52,0.25,0.46
"popgaze",0.75,0.63,0.16,0.47
"popping",0.71,0.69,0.26,0.39
"popwave",0.56,0.65,0.15,0.47
"porro",0.69,0.64,0.21,0.46
"portland hip hop",0.62,0.56,0.18,0.49
"portland indie",0.63,0.57,0.12,0.43
"portland metal",0.19,0.91,0.23,0.61
"portsmouth indie",0.54,0.43,0.47,0.35
"portuguese early music",0.22,0.22,0.08,0.2
"post-disco",0.7,0.62,0.15,0.45
"post-disco soul",0.75,0.67,0.12,0.44
"post-doom metal",0.39,0.78,0.31,0.51
"post-grunge",0.49,0.79,0.19,0.51
"post-hardcore",0.41,0.81,0.22,0.52
"post-metal",0.44,0.68,0.27,0.53
"post-minimalism",0.44,0.22,0.1,0.44
"post-post-hardcore",0.47,0.87,0.28,0.49
"post-punk",0.52,0.67,0.2,0.52
"post-punk argentina",0.6,0.55,0.18,0.45
"post-rock",0.37,0.43,0.16,0.42
"post-romantic era",0.3,0.16,0.18,0.36
"post-screamo",0.45,0.9,0.19,0.58
"post-teen pop",0.61,0.7,0.18,0.49
"power metal",0.39,0.87,0.25,0.55
"power pop",0.5,0.73,0.19,0.56
"power thrash",0.35,0.89,0.2,0.49
"power-pop punk",0.42,0.89,0.25,0.65
"powerviolence",0.49,0.82,0.33,0.38
"praise",0.47,0.64,0.29,0.46
"prepared piano",0.5,0.09,0.13,0.4
"preschool children's music",0.72,0.54,0.17,0.46
"prog quebec",0.4,0.3,0.13,0.54
"progressive alternative",0.66,0.49,0.3,0.38
"progressive bluegrass",0.54,0.49,0.21,0.5
"progressive deathcore",0.16,0.98,0.09,0.79
"progressive electro house",0.62,0.8,0.2,0.51
"progressive groove metal",0.33,0.95,0.18,0.5
"progressive house",0.61,0.74,0.21,0.51
"progressive jazz fusion",0.57,0.68,0.13,0.52
"progressive metal",0.38,0.87,0.25,0.55
"progressive metalcore",0.5,0.93,0.22,0.49
"progressive post-hardcore",0.44,0.86,0.25,0.54
"progressive psytrance",0.58,0.44,0.11,0.73
"progressive rock",0.42,0.55,0.22,0.48
"progressive sludge",0.3,0.84,0.42,0.48
"progressive trance",0.52,0.71,0.2,0.53
"progressive trance house",0.4,0.32,0.28,0.39
"proto-rap",0.89,0.52,0.12,0.36
"proto-techno",0.64,0.75,0.29,0.51
"protopunk",0.49,0.68,0.2,0.53
"psybass",0.4,0.85,0.62,0.58
"psychedelic blues-rock",0.45,0.66,0.23,0.49
"psychedelic doom",0.28,0.75,0.13,0.48
"psychedelic folk",0.48,0.34,0.18,0.42
"psychedelic folk rock",0.49,0.49,0.13,0.58
"psychedelic hip hop",0.59,0.64,0.26,0.38
"psychedelic pop",0.57,0.53,0.29,0.42
"psychedelic punk",0.34,0.83,0.22,0.56
"psychedelic rock",0.48,0.58,0.22,0.49
"psychedelic trance",0.65,0.82,0.19,0.62
"psychill",0.75,0.69,0.42,0.3
"psychobilly",0.48,0.86,0.22,0.54
"pub rock",0.52,0.67,0.18,0.55
"puerto rican folk",0.66,0.63,0.11,0.42
"puerto rican pop",0.52,0.6,0.2,0.44
"puerto rican rock",0.59,0.74,0.42,0.51
"punjabi folk",0.6,0.28,0.16,0.37
"punjabi hip hop",0.76,0.86,0.06,0.37
"punjabi pop",0.72,0.81,0.21,0.44
"punk",0.44,0.84,0.22,0.56
"punk 'n' roll",0.42,0.89,0.25,0.58
"punk blues",0.47,0.77,0.22,0.54
"punk rock italiano",0.48,0.95,0.38,0.38
"punta",0.78,0.67,0.21,0.45
"purple sound",0.71,0.76,0.13,0.71
"qawwali",0.65,0.36,0.1,0.3
"quatuor a cordes",0.29,0.04,0.15,0.67
"quebec death metal",0.23,0.96,0.3,0.71
"quebec indie",0.55,0.72,0.18,0.34
"queens hip hop",0.72,0.7,0.2,0.45
"queercore",0.59,0.91,0.16,0.65
"quiet storm",0.64,0.55,0.17,0.45
"quran",0.56,0.3,0.22,0.27
"r&b",0.66,0.59,0.17,0.45
"r&b en espanol",0.73,0.57,0.16,0.54
"rabindra sangeet",0.44,0.22,0.16,0.37
"radio symphony",0.29,0.18,0.17,0.43
"ragtime",0.58,0.31,0.22,0.49
"rai",0.72,0.64,0.12,0.32
"ranchera",0.58,0.43,0.2,0.5
"rap",0.72,0.67,0.21,0.45
"rap chileno",0.75,0.69,0.19,0.36
"rap conciencia",0.66,0.7,0.3,0.41
"rap conscient",0.73,0.68,0.15,0.52
"rap cristiano",0.56,0.51,0.17,0.53
"rap dominicano",0.79,0.73,0.17,0.4
"rap espanol",0.56,0.46,0.12,0.59
"rap kreyol",0.76,0.71,0.1,0.41
"rap latina",0.74,0.65,0.17,0.41
"rap metal",0.5,0.88,0.22,0.5
"rap napoletano",0.31,0.17,0.28,0.47
"rap rock",0.53,0.87,0.22,0.5
"rare groove",0.56,0.64,0.18,0.45
"rave",0.63,0.81,0.21,0.54
"reading",0.48,0.27,0.23,0.31
"reading indie",0.26,0.72,0.24,0.37
"rebel blues",0.57,0.72,0.16,0.44
"rebetiko",0.54,0.37,0.19,0.46
"recorder",0.62,0.12,0.14,0.43
"red dirt",0.55,0.62,0.21,0.48
"redneck",0.66,0.7,0.18,0.5
"reggae",0.75,0.54,0.16,0.45
"reggae en espanol",0.73,0.67,0.23,0.46
"reggae fusion",0.71,0.66,0.15,0.49
"reggae rock",0.72,0.58,0.16,0.46
"reggaeton",0.74,0.73,0.21,0.47
"reggaeton chileno",0.88,0.57,0.19,0.35
"reggaeton flow",0.75,0.71,0.19,0.5
"regional mexican",0.68,0.62,0.16,0.52
"regional mexican pop",0.71,0.65,0.16,0.51
"relaxative",0.71,0.39,0.14,0.42
"renaissance",0.34,0.14,0.15,0.27
"retro metal",0.42,0.81,0.11,0.53
"retro soul",0.57,0.64,0.18,0.52
"rhode island indie",0.49,0.77,0.15,0.48
"rhythm and blues",0.56,0.47,0.2,0.49
"riddim",0.67,0.71,0.16,0.49
"rif",0.49,0.54,0.27,0.55
"riot grrrl",0.48,0.84,0.16,0.59
"ritmo kombina",0.84,0.58,0.07,0.55
"rochester mn indie",0.64,0.67,0.28,0.47
"rochester ny indie",0.8,0.68,0.11,0.44
"rock",0.5,0.71,0.21,0.5
"rock alternatif francais",0.67,0.72,0.12,0.39
"rock alternativo brasileiro",0.58,0.67,0.21,0.53
"rock andaluz",0.53,0.78,0.37,0.33
"rock chapin",0.59,0.67,0.11,0.59
"rock cristiano",0.49,0.58,0.31,0.5
"rock drums",0.54,0.62,0.18,0.53
"rock en espanol",0.62,0.66,0.19,0.49
"rock gaucho",0.51,0.68,0.21,0.51
"rock nacional",0.54,0.53,0.19,0.45
"rock nacional brasileiro",0.57,0.73,0.23,0.52
"rock steady",0.75,0.5,0.15,0.45
"rock urbano mexicano",0.51,0.7,0.17,0.54
"rock-and-roll",0.55,0.55,0.2,0.48
"rockabilly",0.55,0.6,0.2,0.49
"rockabilly en espanol",0.48,0.71,0.31,0.43
"roda de samba",0.68,0.4,0.32,0.39
"romanian folk",0.37,0.27,0.11,0.28
"romanian hip hop",0.72,0.55,0.18,0.33
"romanian pop",0.67,0.79,0.1,0.49
"romanian rock",0.48,0.38,0.22,0.45
"romantico",0.55,0.49,0.17,0.43
"roots americana",0.55,0.56,0.2,0.46
"roots reggae",0.74,0.56,0.15,0.47
"roots rock",0.55,0.57,0.21,0.49
"roots worship",0.46,0.43,0.16,0.46
"rosary",0.3,0.19,0.15,0.35
"rumba",0.56,0.59,0.17,0.43
"rumba congolaise",0.54,0.59,0.14,0.34
"rune folk",0.45,0.32,0.23,0.36
"russian alternative",0.39,0.8,0.12,0.64
"russian ccm",0.38,0.56,0.33,0.58
"russian chanson",0.59,0.44,0.21,0.36
"russian contemporary classical",0.44,0.13,0.69,0.56
"russian dance",0.65,0.94,0.44,0.51
"russian folk",0.47,0.37,0.16,0.49
"russian hip hop",0.46,0.91,0.26,0.74
"russian jazz",0.59,0.29,0.15,0.49
"russian metal",0.44,0.82,0.19,0.55
"russian modern classical",0.36,0.19,0.21,0.38
"russian pop",0.55,0.57,0.21,0.46
"russian post-punk",0.63,0.78,0.23,0.6
"russian punk",0.49,0.61,0.19,0.5
"russian rock",0.5,0.56,0.2,0.48
"russian romanticism",0.27,0.16,0.18,0.38
"russian shoegaze",0.66,0.65,0.08,0.45
"rva indie",0.76,0.68,0.13,0.41
"rwandan traditional",0.27,0.03,0.11,0.31
"ryukyu ongaku",0.42,0.19,0.11,0.37
"sacramento indie",0.48,0.76,0.18,0.45
"sacred steel",0.63,0.87,0.28,0.28
"salsa",0.64,0.64,0.18,0.45
"salsa choke",0.72,0.66,0.2,0.5
"salsa colombiana",0.68,0.73,0.18,0.52
"salsa cubana",0.79,0.73,0.07,0.29
"salsa international",0.64,0.63,0.21,0.43
"salsa peruana",0.62,0.69,0.12,0.48
"salsa puertorriquena",0.64,0.64,0.17,0.45
"salsa venezolana",0.58,0.64,0.14,0.38
"samba",0.58,0.48,0.19,0.45
"samba de roda",0.6,0.47,0.2,0.4
"samba-enredo",0.54,0.64,0.16,0.26
"samba-rock",0.57,0.66,0.17,0.44
"san diego indie",0.56,0.72,0.23,0.51
"san diego rap",0.78,0.6,0.29,0.42
"san marcos tx indie",0.5,0.67,0.24,0.44
"sandalwood",0.53,0.4,0.15,0.32
"sarod",0.36,0.38,0.15,0.41
"saskatchewan indie",0.55,0.32,0.1,0.38
"scandinavian r&b",0.66,0.44,0.12,0.53
"scandipop",0.6,0.6,0.16,0.48
"schlager",0.51,0.47,0.25,0.45
"scorecore",0.34,0.34,0.15,0.41
"scottish electronic",0.61,0.73,0.13,0.51
"scottish fiddle",0.31,0.17,0.31,0.59
"scottish folk",0.38,0.37,0.16,0.61
"scottish hip hop",0.71,0.76,0.13,0.71
"scottish indie",0.43,0.73,0.22,0.47
"scottish metal",0.48,0.95,0.21,0.42
"scottish new wave",0.6,0.66,0.17,0.49
"scottish rock",0.53,0.74,0.23,0.51
"scottish singer-songwriter",0.57,0.57,0.12,0.39
"scratch",0.65,0.67,0.17,0.37
"scream rap",0.7,0.72,0.24,0.49
"screamo",0.43,0.86,0.22,0.56
"seattle indie",0.52,0.56,0.16,0.53
"second line",0.66,0.72,0.23,0.46
"sefardi",0.53,0.75,0.08,0.49
"semba",0.51,0.37,0.36,0.42
"serialism",0.27,0.15,0.17,0.34
"sertanejo",0.61,0.54,0.24,0.42
"sertanejo pop",0.59,0.51,0.43,0.35
"sertanejo tradicional",0.62,0.36,0.16,0.44
"sertanejo universitario",0.64,0.56,0.24,0.44
"sevdah",0.56,0.67,0.2,0.46
"sevillanas",0.69,0.4,0.38,0.44
"shaabi",0.72,0.59,0.22,0.31
"shabad",0.44,0.17,0.23,0.32
"shakuhachi",0.25,0.17,0.16,0.43
"shamanic",0.34,0.22,0.14,0.4
"shanty",0.65,0.24,0.26,0.49
"sheffield indie",0.41,0.66,0.19,0.49
"shibuya-kei",0.64,0.53,0.17,0.39
"shimmer pop",0.59,0.71,0.18,0.47
"shimmer psych",0.64,0.61,0.15,0.35
"shiver pop",0.53,0.61,0.15,0.51
"shoegaze",0.41,0.63,0.17,0.5
"show tunes",0.55,0.46,0.2,0.46
"shred",0.43,0.82,0.21,0.53
"shush",0.08,0.11,0.42,0.2
"singaporean mandopop",0.56,0.49,0.16,0.5
"singaporean pop",0.58,0.45,0.16,0.46
"singaporean singer-songwriter",0.47,0.55,0.23,0.67
"singer-songwriter",0.54,0.43,0.18,0.45
"singing bowl",0.1,0,0.11,0.15
"sitar",0.38,0.25,0.12,0.42
"ska",0.65,0.63,0.17,0.5
"ska argentino",0.68,0.67,0.18,0.46
"ska jazz",0.65,0.46,0.13,0.67
"ska mexicano",0.59,0.81,0.16,0.6
"ska punk",0.51,0.84,0.23,0.52
"ska revival",0.73,0.59,0.16,0.49
"skate punk",0.44,0.89,0.24,0.56
"skiffle",0.54,0.49,0.21,0.45
"skramz",0.51,0.1,0.13,0.93
"slack-key guitar",0.5,0.3,0.16,0.44
"slam poetry",0.62,0.76,0.18,0.67
"slamming deathcore",0.39,0.88,0.21,0.56
"slavic folk metal",0.26,0.93,0.2,0.72
"slayer",0.46,0.9,0.18,0.56
"slc indie",0.3,0.44,0.11,0.6
"sleaze rock",0.51,0.79,0.23,0.5
"sleep",0.15,0.4,0.35,0.2
"slovak pop",0.67,0.69,0.03,0.72
"slovenian electronic",0.75,0.65,0.2,0.32
"slovenian metal",0.16,0.98,0.09,0.79
"slow core",0.47,0.52,0.18,0.46
"slow game",0.69,0.54,0.42,0.34
"sludge metal",0.32,0.76,0.24,0.47
"small room",0.48,0.39,0.15,0.49
"smooth jazz",0.64,0.55,0.13,0.43
"smooth saxophone",0.65,0.59,0.15,0.41
"smooth soul",0.61,0.56,0.11,0.43
"soca",0.72,0.73,0.14,0.5
"socal pop punk",0.48,0.85,0.21,0.54
"social media pop",0.68,0.67,0.18,0.48
"soda pop",0.51,0.47,0.3,0.36
"soft rock",0.57,0.56,0.19,0.47
"solipsynthm",0.69,0.63,0.15,0.45
"son cubano",0.59,0.51,0.16,0.4
"son cubano clasico",0.61,0.42,0.17,0.51
"soukous",0.64,0.48,0.11,0.45
"soul",0.61,0.52,0.19,0.45
"soul blues",0.59,0.45,0.18,0.46
"soul flow",0.58,0.69,0.22,0.38
"soul jazz",0.56,0.42,0.17,0.43
"sound",0.16,0.74,0.43,0.35
"sound art",0.15,0.04,0.08,0.19
"sound effects",0.12,0.62,0.58,0.33
"sound team",0.48,0.79,0.19,0.42
"soundtrack",0.3,0.27,0.15,0.4
"south african alternative",0.75,0.7,0.28,0.53
"south african choral",0.43,0.25,0.12,0.31
"south african country",0.7,0.74,0.13,0.38
"south african gospel",0.36,0.29,0.09,0.32
"south african hip hop",0.81,0.78,0.23,0.49
"south african jazz",0.58,0.37,0.21,0.49
"south african pop",0.71,0.74,0.18,0.49
"south african rock",0.53,0.73,0.1,0.53
"south carolina indie",0.59,0.46,0.13,0.43
"south dakota indie",0.48,0.78,0.09,0.5
"southampton indie",0.45,0.5,0.29,0.48
"southern americana",0.8,0.64,0.09,0.58
"southern gospel",0.46,0.38,0.27,0.46
"southern hip hop",0.72,0.67,0.21,0.47
"southern metal",0.43,0.86,0.23,0.47
"southern rock",0.52,0.69,0.25,0.52
"southern soul",0.59,0.5,0.19,0.48
"southern soul blues",0.71,0.55,0.17,0.42
"soviet synthpop",0.71,0.72,0.13,0.52
"sovietwave",0.6,0.85,0.26,0.67
"spa",0.14,0.36,0.47,0.19
"space age pop",0.49,0.37,0.18,0.46
"space ambient",0.38,0.34,0.09,0.33
"space rock",0.34,0.57,0.17,0.46
"spanish baroque",0.46,0.24,0.13,0.5
"spanish classical",0.38,0.31,0.18,0.35
"spanish folk metal",0.47,0.8,0.12,0.54
"spanish indie pop",0.63,0.47,0.09,0.43
"spanish invasion",0.52,0.61,0.19,0.5
"spanish metal",0.37,0.74,0.22,0.47
"spanish new wave",0.57,0.74,0.28,0.5
"spanish pop",0.6,0.66,0.24,0.49
"spanish pop rock",0.6,0.63,0.19,0.45
"spanish renaissance",0.43,0.1,0.11,0.39
"spanish rock",0.61,0.72,0.16,0.56
"spanish techno",0.8,0.7,0.1,0.51
"speed garage",0.7,0.65,0.52,0.51
"speed metal",0.31,0.9,0.21,0.56
"spiritual hip hop",0.59,0.91,0.28,0.31
"spiritual jazz",0.46,0.5,0.13,0.42
"spirituals",0.41,0.23,0.17,0.42
"springfield mo indie",0.64,0.43,0.28,0.29
"spytrack",0.52,0.4,0.16,0.49
"steampunk",0.54,0.7,0.2,0.53
"steel guitar",0.5,0.38,0.18,0.38
"steelpan",0.61,0.49,0.2,0.37
"stl indie",0.74,0.66,0.13,0.42
"stomp and flutter",0.5,0.42,0.18,0.51
"stomp and holler",0.54,0.56,0.16,0.46
"stomp and whittle",0.48,0.5,0.16,0.42
"stomp pop",0.64,0.78,0.2,0.48
"stoner metal",0.36,0.8,0.16,0.49
"stoner rock",0.37,0.76,0.18,0.49
"straight edge",0.39,0.89,0.28,0.47
"straight-ahead jazz",0.48,0.21,0.19,0.37
"street band",0.62,0.74,0.19,0.47
"street punk",0.36,0.9,0.24,0.61
"stride",0.55,0.28,0.19,0.45
"string band",0.49,0.45,0.21,0.54
"string folk",0.34,0.14,0.29,0.57
"string orchestra",0.2,0.1,0.18,0.25
"string quartet",0.3,0.11,0.15,0.44
"strut",0.69,0.73,0.13,0.49
"substep",0.46,0.47,0.12,0.6
"sudanese pop",0.48,0.56,0.31,0.27
"sufi",0.62,0.52,0.17,0.42
"sufi chant",0.5,0.49,0.2,0.51
"sunshine pop",0.52,0.5,0.18,0.47
"supergroup",0.47,0.68,0.19,0.47
"surf music",0.48,0.7,0.25,0.52
"surf punk",0.48,0.81,0.19,0.55
"svensk progg",0.43,0.64,0.23,0.4
"swamp blues",0.66,0.5,0.18,0.43
"swamp pop",0.58,0.52,0.21,0.49
"swamp rock",0.59,0.61,0.24,0.45
"swancore",0.38,0.84,0.23,0.58
"swedish alternative rock",0.52,0.77,0.21,0.55
"swedish americana",0.46,0.54,0.14,0.4
"swedish black metal",0.26,0.85,0.28,0.49
"swedish country",0.6,0.79,0.17,0.46
"swedish dancehall",0.81,0.7,0.18,0.38
"swedish death metal",0.36,0.85,0.18,0.51
"swedish doom metal",0.22,0.83,0.13,0.44
"swedish electronic",0.84,0.36,0.09,0.44
"swedish electropop",0.61,0.7,0.19,0.56
"swedish eurodance",0.61,0.98,0.1,0.65
"swedish gangsta rap",0.45,0.47,0.08,0.19
"swedish garage rock",0.46,0.94,0.26,0.56
"swedish hard rock",0.47,0.84,0.28,0.45
"swedish hardcore",0.65,0.74,0.18,0.51
"swedish house",0.84,0.36,0.09,0.44
"swedish idol pop",0.56,0.63,0.09,0.51
"swedish indie folk",0.66,0.46,0.11,0.43
"swedish indie pop",0.59,0.69,0.19,0.51
"swedish indie rock",0.48,0.71,0.21,0.6
"swedish jazz",0.5,0.22,0.27,0.41
"swedish metal",0.33,0.89,0.22,0.54
"swedish metalcore",0.17,0.9,0.32,0.83
"swedish pop",0.63,0.68,0.18,0.49
"swedish post-hardcore",0.65,0.74,0.18,0.51
"swedish power metal",0.44,0.75,0.21,0.6
"swedish prog",0.38,0.28,0.35,0.48
"swedish progressive metal",0.31,0.66,0.17,0.4
"swedish rock-and-roll",0.45,0.64,0.04,0.47
"swedish singer-songwriter",0.51,0.48,0.19,0.51
"swedish soul",0.53,0.35,0.12,0.64
"swedish stoner rock",0.45,0.45,0.18,0.44
"swedish synth",0.5,0.25,0.1,0.73
"swedish synthpop",0.64,0.65,0.17,0.51
"swedish tropical house",0.65,0.5,0.09,0.56
"swedish underground rap",0.76,0.9,0.37,0.33
"swing",0.55,0.34,0.21,0.46
"swing italiano",0.54,0.34,0.13,0.61
"swing revival",0.55,0.72,0.32,0.41
"swiss black metal",0.21,0.9,0.2,0.66
"swiss metal",0.25,0.92,0.27,0.63
"swiss pop",0.76,0.71,0.15,0.48
"swiss rock",0.49,0.71,0.23,0.52
"swiss worship",0.36,0.08,0.13,0.49
"symphonic black metal",0.25,0.92,0.21,0.5
"symphonic metal",0.39,0.85,0.2,0.49
"symphonic rock",0.44,0.55,0.22,0.47
"synth funk",0.68,0.61,0.23,0.48
"synth punk",0.66,0.65,0.14,0.61
"synthpop",0.63,0.67,0.2,0.49
"synthwave",0.53,0.71,0.15,0.51
"syrian pop",0.37,0.2,0.31,0.33
"tabla",0.66,0.32,0.43,0.4
"tagalog worship",0.38,0.39,0.56,0.46
"taiwan campus folk",0.52,0.45,0.3,0.36
"taiwan hip hop",0.4,0.2,0.22,0.37
"taiwan indie",0.58,0.39,0.13,0.62
"taiwan pop",0.54,0.38,0.15,0.36
"taiwan singer-songwriter",0.58,0.4,0.19,0.36
"tajik pop",0.79,0.34,0.19,0.37
"talent show",0.58,0.74,0.19,0.47
"tamborazo",0.59,0.58,0.13,0.45
"tamil hip hop",0.67,0.3,0.2,0.54
"tamil pop",0.65,0.42,0.16,0.4
"tamil worship",0.59,0.35,0.26,0.4
"tampa indie",0.5,0.77,0.29,0.61
"tango",0.57,0.32,0.27,0.42
"tango cancion",0.58,0.37,0.34,0.44
"tape club",0.42,0.72,0.21,0.57
"tech house",0.68,0.65,0.15,0.51
"technical death metal",0.28,0.93,0.2,0.5
"technical deathcore",0.59,0.65,0.26,0.43
"technical groove metal",0.37,0.98,0.18,0.47
"technical thrash",0.27,0.94,0.15,0.55
"techno",0.68,0.66,0.18,0.49
"techno kayo",0.62,0.68,0.25,0.47
"tecnobanda",0.75,0.67,0.19,0.61
"teen pop",0.68,0.69,0.15,0.45
"tejano",0.66,0.61,0.18,0.53
"telugu worship",0.66,0.36,0.11,0.3
"tennessee metal",0.37,0.99,0.18,0.49
"tex-mex",0.68,0.7,0.13,0.54
"texas blues",0.56,0.56,0.21,0.5
"texas country",0.57,0.61,0.21,0.48
"texas pop punk",0.54,0.8,0.2,0.49
"texas punk",0.45,0.69,0.21,0.45
"thai indie pop",0.64,0.87,0.1,0.47
"thai pop",0.67,0.85,0.07,0.41
"thall",0.44,0.7,0.1,0.64
"theme",0.35,0.4,0.19,0.44
"theremin",0.28,0.23,0.16,0.38
"thrash core",0.36,0.88,0.23,0.48
"thrash metal",0.31,0.91,0.2,0.52
"tico",0.68,0.42,0.1,0.51
"timba",0.65,0.66,0.12,0.4
"tin pan alley",0.44,0.27,0.2,0.41
"tipico",0.67,0.69,0.14,0.41
"tolkien metal",0.35,0.68,0.23,0.44
"tollywood",0.6,0.39,0.19,0.36
"tone",0.27,0.15,0.09,0.37
"torch song",0.5,0.28,0.24,0.42
"toronto indie",0.54,0.44,0.14,0.4
"toronto rap",0.73,0.68,0.15,0.51
"trad jazz catala",0.59,0.61,0.29,0.48
"traditional bluegrass",0.53,0.6,0.2,0.53
"traditional blues",0.6,0.39,0.17,0.44
"traditional british folk",0.47,0.25,0.15,0.67
"traditional country",0.59,0.41,0.2,0.46
"traditional folk",0.54,0.38,0.19,0.47
"traditional funk",0.34,0.28,0.1,0.75
"traditional rockabilly",0.6,0.77,0.16,0.48
"traditional scottish folk",0.25,0.1,0.14,0.26
"traditional ska",0.69,0.7,0.12,0.52
"traditional soul",0.48,0.6,0.16,0.5
"trance",0.58,0.78,0.16,0.53
"trancecore",0.45,0.87,0.22,0.61
"transpop",0.53,0.67,0.17,0.44
"trap",0.73,0.66,0.2,0.49
"trap argentino",0.76,0.65,0.13,0.62
"trap chileno",0.81,0.6,0.16,0.46
"trap espanol",0.73,0.64,0.12,0.49
"trap latino",0.76,0.65,0.18,0.53
"trap queen",0.75,0.64,0.16,0.48
"trap soul",0.71,0.52,0.15,0.45
"traprun",0.59,0.76,0.18,0.5
"trash rock",0.57,0.84,0.15,0.68
"triangle indie",0.42,0.76,0.2,0.48
"tribal house",0.77,0.79,0.13,0.53
"trinidadian reggae",0.69,0.52,0.12,0.29
"trio cubano",0.51,0.52,0.12,0.33
"trip hop",0.61,0.63,0.16,0.45
"trival",0.8,0.71,0.23,0.57
"tropical",0.71,0.7,0.19,0.48
"tropical house",0.67,0.71,0.19,0.48
"trova",0.54,0.34,0.19,0.49
"truck-driving country",0.63,0.55,0.17,0.44
"tuareg guitar",0.54,0.36,0.12,0.32
"tucson indie",0.51,0.74,0.09,0.47
"tulsa indie",0.64,0.66,0.42,0.35
"turbo folk",0.57,0.6,0.27,0.42
"turkish classical",0.39,0.38,0.31,0.34
"turkish experimental",0.55,0.53,0.4,0.56
"turkish folk",0.47,0.36,0.27,0.34
"turkish jazz",0.42,0.42,0.27,0.34
"turkish modern jazz",0.27,0.39,0.1,0.24
"turkish pop",0.59,0.73,0.16,0.4
"turkish psych",0.42,0.44,0.15,0.33
"turkish rock",0.48,0.53,0.2,0.41
"turkish trap",0.67,0.81,0.65,0.47
"turkish trap pop",0.73,0.6,0.12,0.56
"turntablism",0.74,0.68,0.2,0.4
"twee pop",0.43,0.65,0.2,0.57
"twoubadou",0.65,0.55,0.12,0.33
"tzadik",0.29,0.13,0.11,0.31
"ugandan pop",0.74,0.56,0.07,0.41
"uilleann pipes",0.37,0.36,0.17,0.39
"uk alternative hip hop",0.71,0.68,0.22,0.65
"uk alternative pop",0.61,0.64,0.12,0.47
"uk americana",0.57,0.43,0.13,0.48
"uk contemporary r&b",0.61,0.61,0.27,0.41
"uk dance",0.66,0.75,0.22,0.46
"uk dancehall",0.78,0.65,0.26,0.56
"uk dnb",0.74,0.26,0.09,0.26
"uk doom metal",0.32,0.7,0.18,0.41
"uk drill",0.96,0.51,0.18,0.41
"uk experimental electronic",0.63,0.59,0.12,0.55
"uk funky",0.7,0.65,0.22,0.41
"uk garage",0.71,0.61,0.08,0.55
"uk hip hop",0.7,0.65,0.2,0.49
"uk metalcore",0.34,0.92,0.27,0.54
"uk noise rock",0.45,0.88,0.25,0.31
"uk pop",0.61,0.62,0.17,0.45
"uk pop punk",0.49,0.56,0.1,0.6
"uk post-hardcore",0.41,0.87,0.21,0.46
"uk post-punk",0.53,0.71,0.17,0.52
"uk reggae",0.8,0.51,0.18,0.5
"uk rockabilly",0.45,0.82,0.34,0.85
"uk stoner rock",0.39,0.86,0.08,0.48
"uk worship",0.37,0.47,0.23,0.55
"uk82",0.37,0.88,0.22,0.6
"ukg revival",0.87,0.87,0.11,0.65
"ukrainian choir",0.29,0.25,0.11,0.42
"ukrainian classical",0.23,0.07,0.17,0.26
"ukrainian electronic",0.75,0.74,0.11,0.52
"ukrainian pop",0.74,0.94,0.06,0.54
"ukrainian rock",0.48,0.65,0.13,0.53
"ukulele",0.67,0.35,0.2,0.49
"umbanda",0.63,0.59,0.18,0.39
"underground hip hop",0.69,0.64,0.21,0.47
"underground power pop",0.48,0.76,0.17,0.57
"underground rap",0.7,0.74,0.26,0.4
"university choir",0.08,0.09,0.29,0.27
"uplifting trance",0.53,0.73,0.17,0.54
"urban contemporary",0.66,0.58,0.17,0.45
"utah indie",0.43,0.35,0.18,0.42
"uzbek traditional",0.42,0.11,0.56,0.49
"v-pop",0.79,0.49,0.18,0.56
"vallenato",0.68,0.59,0.18,0.58
"vancouver indie",0.45,0.49,0.18,0.47
"vancouver metal",0.36,0.97,0.47,0.61
"vancouver punk",0.47,0.8,0.19,0.51
"vapor pop",0.6,0.55,0.13,0.48
"vapor soul",0.62,0.58,0.17,0.43
"vapor trap",0.75,0.59,0.18,0.49
"vapor twitch",0.6,0.62,0.19,0.47
"vaporwave",0.56,0.77,0.27,0.41
"variete francaise",0.58,0.51,0.11,0.53
"vaudeville",0.73,0.51,0.48,0.51
"vbs",0.62,0.63,0.57,0.71
"veena",0.51,0.31,0.24,0.39
"vegan straight edge",0.51,0.82,0.16,0.52
"vegas indie",0.5,0.81,0.16,0.64
"velha guarda",0.59,0.46,0.2,0.44
"venezuelan hip hop",0.75,0.79,0.15,0.52
"venezuelan indie",0.6,0.6,0.2,0.46
"venezuelan rock",0.59,0.57,0.15,0.52
"veracruz indie",0.67,0.54,0.18,0.46
"vermont indie",0.46,0.38,0.18,0.6
"victoria bc indie",0.67,0.5,0.11,0.62
"victorian britain",0.28,0.1,0.24,0.35
"video game music",0.41,0.49,0.16,0.46
"vietnamese bolero",0.79,0.49,0.18,0.56
"vietnamese pop",0.79,0.49,0.18,0.56
"viking black metal",0.26,0.85,0.28,0.49
"viking folk",0.43,0.46,0.26,0.41
"viking metal",0.35,0.78,0.34,0.58
"vintage chanson",0.56,0.24,0.19,0.41
"vintage chinese pop",0.49,0.37,0.22,0.43
"vintage classical singing",0.39,0.14,0.16,0.34
"vintage country folk",0.57,0.3,0.3,0.44
"vintage dutch pop",0.57,0.37,0.36,0.47
"vintage french electronic",0.48,0.62,0.19,0.49
"vintage gospel",0.42,0.31,0.36,0.38
"vintage hawaiian",0.52,0.11,0.11,0.54
"vintage hollywood",0.46,0.31,0.26,0.41
"vintage italian pop",0.47,0.25,0.22,0.39
"vintage italian soundtrack",0.34,0.27,0.15,0.4
"vintage jazz",0.62,0.32,0.23,0.5
"vintage old-time",0.58,0.27,0.19,0.49
"vintage rockabilly",0.77,0.69,0.11,0.42
"vintage schlager",0.49,0.21,0.22,0.39
"vintage spanish pop",0.52,0.58,0.39,0.42
"vintage swedish pop",0.46,0.31,0.24,0.36
"vintage swing",0.68,0.37,0.18,0.49
"vintage tango",0.56,0.31,0.25,0.46
"viola",0.21,0.08,0.17,0.34
"violao",0.55,0.36,0.13,0.5
"violin",0.36,0.19,0.16,0.41
"viral pop",0.58,0.56,0.15,0.48
"viral trap",0.78,0.65,0.17,0.63
"virgin islands reggae",0.7,0.6,0.11,0.38
"virginia metal",0.37,0.93,0.28,0.44
"virginia punk",0.37,0.91,0.31,0.49
"visor",0.52,0.12,0.18,0.29
"visual kei",0.41,0.82,0.15,0.64
"vocal ensemble",0.2,0.1,0.11,0.39
"vocal harmony group",0.54,0.32,0.18,0.46
"vocal house",0.72,0.79,0.17,0.51
"vocal jazz",0.51,0.29,0.19,0.43
"vocal trance",0.56,0.72,0.19,0.56
"vocaloid",0.47,0.85,0.39,0.58
"vogue",0.79,0.56,0.1,0.5
"volksmusik",0.67,0.27,0.34,0.42
"warm drone",0.15,0.05,0.14,0.4
"washboard",0.46,0.47,0.1,0.3
"washington indie",0.61,0.6,0.23,0.45
"wassoulou",0.57,0.34,0.21,0.42
"water",0.19,0.65,0.56,0.35
"wave",0.72,0.68,0.12,0.25
"welsh folk",0.42,0.04,0.22,0.48
"welsh indie",0.53,0.78,0.32,0.56
"welsh metal",0.43,0.91,0.27,0.46
"welsh rock",0.49,0.85,0.26,0.46
"west african jazz",0.5,0.45,0.23,0.59
"west australian hip hop",0.56,0.83,0.69,0.34
"west coast rap",0.78,0.67,0.21,0.41
"west coast reggae",0.69,0.59,0.13,0.42
"west coast trap",0.76,0.64,0.2,0.38
"west end",0.5,0.37,0.29,0.45
"west virginia indie",0.6,0.88,0.17,0.33
"west yorkshire indie",0.55,0.94,0.07,0.49
"western americana",0.54,0.44,0.12,0.38
"western mass indie",0.47,0.57,0.17,0.47
"western saharan folk",0.54,0.36,0.12,0.32
"western swing",0.65,0.41,0.17,0.48
"white noise",0.06,0.2,0.14,0
"wind ensemble",0.27,0.03,0.07,0.35
"wind quintet",0.52,0.07,0.5,0.26
"wisconsin indie",0.52,0.39,0.1,0.49
"witch house",0.67,0.54,0.13,0.46
"women's choir",0.18,0.48,0.23,0.59
"wonky",0.57,0.55,0.2,0.42
"world",0.58,0.45,0.15,0.44
"world fusion",0.46,0.29,0.16,0.44
"world meditation",0.47,0.11,0.1,0.54
"world worship",0.42,0.54,0.26,0.51
"worship",0.47,0.55,0.22,0.47
"wrestling",0.56,0.82,0.21,0.51
"wrock",0.57,0.82,0.13,0.89
"wu fam",0.66,0.67,0.28,0.55
"wyoming indie",0.41,0.96,0.26,0.57
"wyoming roots",0.46,0.6,0.14,0.35
"xhosa",0.54,0.53,0.28,0.54
"yacht rock",0.61,0.54,0.16,0.46
"ye ye",0.49,0.46,0.18,0.44
"yiddish folk",0.44,0.23,0.31,0.37
"yodeling",0.58,0.39,0.21,0.51
"yoga",0.13,0.65,0.17,0.28
"yoik",0.33,0.14,0.09,0.29
"york indie",0.44,0.64,0.13,0.36
"yugoslav new wave",0.58,0.75,0.09,0.46
"yugoslav rock",0.58,0.75,0.13,0.58
"zapstep",0.46,0.82,0.18,0.55
"zen",0.16,0.03,0.1,0.19
"zhongguo feng",0.6,0.53,0.18,0.54
"zimdancehall",0.77,0.88,0.35,0.43
"zolo",0.56,0.61,0.19,0.5
"zouglou",0.83,0.67,0.08,0.47
"zouk",0.75,0.63,0.08,0.37
"zouk riddim",0.78,0.66,0.04,0.36
"zydeco",0.6,0.6,0.23,0.53
